id,claim,label,category,difficulty,source_url,notes
scifact-393,Ethanol stress reduces the expression of SRL in bacteria.,NEI,science,easy,https://huggingface.co/datasets/scifact,source_dataset=scifact;config=claims;split=train
scifact-285,Continued HHV-8 transmission among MSM in San Francisco may be explained by urogenital contact.,NEI,science,medium,https://huggingface.co/datasets/scifact,source_dataset=scifact;config=claims;split=train
scifact-79,Active caspase-11 protein promotes pyroptosis.,SUPPORTED,science,easy,https://huggingface.co/datasets/scifact,source_dataset=scifact;config=claims;split=train
scifact-1125,Systemic immunosuppressive (IS) therapy does not enhance the chance of cancer mortality in patients with inflammatory eye disease (IED),SUPPORTED,science,medium,https://huggingface.co/datasets/scifact,source_dataset=scifact;config=claims;split=train
scifact-1032,Reduction of purity of cytoplasmic membranes isolated from overexpressors is indicated by stronger spots for OmpA in 2D BN-PAGE gels.,NEI,science,medium,https://huggingface.co/datasets/scifact,source_dataset=scifact;config=claims;split=train
scifact-545,IFIT1 speeds viral replication by allowing for the proliferation of mis-capped viral RNAs.,NEI,science,medium,https://huggingface.co/datasets/scifact,source_dataset=scifact;config=claims;split=train
scifact-813,"Mutations in G-Beta protein GNB1 are present in many cancers, resulting in loss of interaction with G-alpha subunits and concomitant activation of AKT pathway.",NEI,science,hard,https://huggingface.co/datasets/scifact,source_dataset=scifact;config=claims;split=train
scifact-222,Ca2+ cycling is a UCP1-independent thermogenic mechanism.,SUPPORTED,science,easy,https://huggingface.co/datasets/scifact,source_dataset=scifact;config=claims;split=train
scifact-1157,The DESMOND program demonstrates no significant impact on biochemical outcomes.,SUPPORTED,science,easy,https://huggingface.co/datasets/scifact,source_dataset=scifact;config=claims;split=train
scifact-1005,RANK-RANKL pathway signalling is linked to development of Aire-expressing medullary thymic epithelial cells.,SUPPORTED,science,medium,https://huggingface.co/datasets/scifact,source_dataset=scifact;config=claims;split=train
scifact-1090,Smc5/6 engagment halts the activation of SUMO E3 ligase Mms21 by ATP-dependent remolding.,REFUTED,science,medium,https://huggingface.co/datasets/scifact,source_dataset=scifact;config=claims;split=train
scifact-665,KRT17 modulates the expression of the transcriptional regulator AIRE in diseased epithelia.,SUPPORTED,science,medium,https://huggingface.co/datasets/scifact,source_dataset=scifact;config=claims;split=train
scifact-998,Pyridostatin prevents double-strand breaks accumulation.,REFUTED,science,easy,https://huggingface.co/datasets/scifact,source_dataset=scifact;config=claims;split=train
scifact-681,Lack of FGF21 in mice leads to atherosclerotic plaque formation.,SUPPORTED,science,easy,https://huggingface.co/datasets/scifact,source_dataset=scifact;config=claims;split=train
scifact-68,Activated Cdk5 regulates DNA damage-induced neuronal death.,SUPPORTED,science,easy,https://huggingface.co/datasets/scifact,source_dataset=scifact;config=claims;split=train
scifact-1120,Sympathetic nerve activity is reduced throughout normal pregnancy.,REFUTED,science,easy,https://huggingface.co/datasets/scifact,source_dataset=scifact;config=claims;split=train
scifact-953,Pioglitazone use is significantly associated with an increased risk of pancreatic cancer.,SUPPORTED,science,medium,https://huggingface.co/datasets/scifact,source_dataset=scifact;config=claims;split=train
scifact-1334,Type 1 Diabetes is associated with subtle perturbations in T reg development.,SUPPORTED,science,medium,https://huggingface.co/datasets/scifact,source_dataset=scifact;config=claims;split=train
scifact-893,Osteocytes have an essential role in G-CSF induced HSPC mobilization.,SUPPORTED,science,easy,https://huggingface.co/datasets/scifact,source_dataset=scifact;config=claims;split=train
scifact-642,Insulin decreases risk of severe kidney failure.,NEI,science,easy,https://huggingface.co/datasets/scifact,source_dataset=scifact;config=claims;split=train
scifact-1269,The risk of female prisoners harming themselves is ten times that of male prisoners.,SUPPORTED,science,medium,https://huggingface.co/datasets/scifact,source_dataset=scifact;config=claims;split=train
scifact-667,Klf2 is important for proper myeloid cell function.,SUPPORTED,science,easy,https://huggingface.co/datasets/scifact,source_dataset=scifact;config=claims;split=train
scifact-529,Human embryonic stem cells give rise to cell types from all three embryonic germ layers.,SUPPORTED,science,medium,https://huggingface.co/datasets/scifact,source_dataset=scifact;config=claims;split=train
scifact-1005,RANK-RANKL pathway signalling is linked to development of Aire-expressing medullary thymic epithelial cells.,SUPPORTED,science,medium,https://huggingface.co/datasets/scifact,source_dataset=scifact;config=claims;split=train
scifact-1327,Tuberculosis incidence occurs at higher rates in more sparsely populated areas in the UK.,REFUTED,science,medium,https://huggingface.co/datasets/scifact,source_dataset=scifact;config=claims;split=train
scifact-568,"In a naive state, blocking Wingless-Int-1 secretion from mouse embryonic stem cells inhibits self-renewal of the mouse embryonic stem cells.",SUPPORTED,science,medium,https://huggingface.co/datasets/scifact,source_dataset=scifact;config=claims;split=train
scifact-818,Myelin sheaths play a role in action potential propagation.,SUPPORTED,science,easy,https://huggingface.co/datasets/scifact,source_dataset=scifact;config=claims;split=train
scifact-802,Monoclonal antibody targeting of N-cadherin encourages metastasis.,REFUTED,science,easy,https://huggingface.co/datasets/scifact,source_dataset=scifact;config=claims;split=train
scifact-972,Primary cervical cancer screening with HPV detection has lower longitudinal sensitivity than conventional cytology to detect cervical intraepithelial neoplasia grade 2.,REFUTED,science,hard,https://huggingface.co/datasets/scifact,source_dataset=scifact;config=claims;split=train
scifact-39,A diminished ovarian reserve does not solely indicate infertility in an a priori non-infertile population.,SUPPORTED,science,medium,https://huggingface.co/datasets/scifact,source_dataset=scifact;config=claims;split=train
scifact-335,Deregulation of HAND2 is a crucial step in endometrial carcinogenesis in mice.,SUPPORTED,science,medium,https://huggingface.co/datasets/scifact,source_dataset=scifact;config=claims;split=train
scifact-973,Primary cervical cytology screening with HPV detection has higher longitudinal sensitivity to detect severe cervical intraepithelial neoplasia than conventional cytology.,SUPPORTED,science,medium,https://huggingface.co/datasets/scifact,source_dataset=scifact;config=claims;split=train
scifact-172,Basophils promote disease development in patients with systemic lupus erythematosus (SLE).,SUPPORTED,science,medium,https://huggingface.co/datasets/scifact,source_dataset=scifact;config=claims;split=train
scifact-1177,"The PRDM1 gene, when combined with the PRDM14 gene, plays an important role during primordial germ cell specification.",SUPPORTED,science,medium,https://huggingface.co/datasets/scifact,source_dataset=scifact;config=claims;split=train
scifact-855,Noninvasive positive pressure ventilation is not predictive of acute respiratory failure after solid organ transplantation.,REFUTED,science,medium,https://huggingface.co/datasets/scifact,source_dataset=scifact;config=claims;split=train
scifact-378,Energy balance requires hypothalamic glutamate neurotransmission.,SUPPORTED,science,easy,https://huggingface.co/datasets/scifact,source_dataset=scifact;config=claims;split=train
scifact-224,Cancer-associated fibroblasts (CAFs) are constituents of tumor microenvironments,NEI,science,easy,https://huggingface.co/datasets/scifact,source_dataset=scifact;config=claims;split=train
scifact-1392,miR-142-5P is a temperature-sensitive microRNA (miRNA).,SUPPORTED,science,easy,https://huggingface.co/datasets/scifact,source_dataset=scifact;config=claims;split=train
scifact-326,Deletion of ATM and Rad3 related protein leads to acute tissue loss.,NEI,science,medium,https://huggingface.co/datasets/scifact,source_dataset=scifact;config=claims;split=train
scifact-895,Over half of the gabonese children with Schimmelpenning-Feuerstein-Mims syndrome (SFM) had a plasma lactate of more than 5mmol/L.,NEI,science,medium,https://huggingface.co/datasets/scifact,source_dataset=scifact;config=claims;split=train
scifact-1118,Sweet taste receptors on the tongue are deactivated by between 1 and 10 mM glucose.,NEI,science,medium,https://huggingface.co/datasets/scifact,source_dataset=scifact;config=claims;split=train
scifact-815,Mutations in RIM1 decrease levels of IME1 RNA.,SUPPORTED,science,easy,https://huggingface.co/datasets/scifact,source_dataset=scifact;config=claims;split=train
scifact-1260,The relationship between a breast cancer patient's capacity to metabolize tamoxifen and treatment outcome is independent of the patient's genetic make-up.,REFUTED,science,hard,https://huggingface.co/datasets/scifact,source_dataset=scifact;config=claims;split=train
scifact-572,"In chronic viral infections or tumors, peptides that selectively inhibit PTPRS can be utilized to boost insufficient activity of pDCs.",NEI,science,medium,https://huggingface.co/datasets/scifact,source_dataset=scifact;config=claims;split=train
scifact-926,Patients with common epithelial cancers  are more likely to have an emergency event as their first hospital admission if they live in resource-deprived areas.,SUPPORTED,science,hard,https://huggingface.co/datasets/scifact,source_dataset=scifact;config=claims;split=train
scifact-698,Lmna knock-in models are appropriate for testing therapeutic approaches against Hutchinson-Gilford progeria syndrome (HGPS).,NEI,science,medium,https://huggingface.co/datasets/scifact,source_dataset=scifact;config=claims;split=train
scifact-473,Glycan adaptation involves insertion-deletion events.,NEI,science,easy,https://huggingface.co/datasets/scifact,source_dataset=scifact;config=claims;split=train
scifact-52,ALDH1 expression is associated with poorer prognosis for breast cancer primary tumors.,SUPPORTED,science,medium,https://huggingface.co/datasets/scifact,source_dataset=scifact;config=claims;split=train
scifact-685,Lamins are associated with nuclear membrane structure maintenance.,NEI,science,easy,https://huggingface.co/datasets/scifact,source_dataset=scifact;config=claims;split=train
scifact-592,Incidence of 10/66 dementia is lower than the incidence of DSM-IV dementia.,REFUTED,science,medium,https://huggingface.co/datasets/scifact,source_dataset=scifact;config=claims;split=train
scifact-1044,Rhythmic expression of Cry1 translates directly into a circadian regulation of cAMP signaling in gluconeogenesis.,SUPPORTED,science,medium,https://huggingface.co/datasets/scifact,source_dataset=scifact;config=claims;split=train
scifact-339,Dexamethasone increases risk of postoperative bleeding.,SUPPORTED,science,easy,https://huggingface.co/datasets/scifact,source_dataset=scifact;config=claims;split=train
scifact-738,MICAL redox enzymes regulate actin dynamics.,SUPPORTED,science,easy,https://huggingface.co/datasets/scifact,source_dataset=scifact;config=claims;split=train
scifact-631,Inhibiting HDAC6 increases survival of mice with ARID1A mutated tumors.,SUPPORTED,science,easy,https://huggingface.co/datasets/scifact,source_dataset=scifact;config=claims;split=train
scifact-964,Pre-mRNAs associated with spliceosomal components are more stable than unassociated splicing substrates.,SUPPORTED,science,medium,https://huggingface.co/datasets/scifact,source_dataset=scifact;config=claims;split=train
scifact-432,Foxk2 regulates autophagy genes in muscle cells and fibroblast cells.,SUPPORTED,science,easy,https://huggingface.co/datasets/scifact,source_dataset=scifact;config=claims;split=train
scifact-21,70% of burn patients are admitted for hospitalization and further treatment after appearing at hospital emergency wards or outpatient clinics.,NEI,science,medium,https://huggingface.co/datasets/scifact,source_dataset=scifact;config=claims;split=train
scifact-1168,The HSV-2 infection is typically asymptomatic.,NEI,science,easy,https://huggingface.co/datasets/scifact,source_dataset=scifact;config=claims;split=train
scifact-290,Cost effectiveness evaluations based on cRCT data accurately reflect prices for patients in actual clinical practice.,REFUTED,science,medium,https://huggingface.co/datasets/scifact,source_dataset=scifact;config=claims;split=train
scifact-916,PRC1-bound plasmids sediment at a slower rate in unbound plasmids than in sucrose gradients.,NEI,science,medium,https://huggingface.co/datasets/scifact,source_dataset=scifact;config=claims;split=train
scifact-1009,RUNX1 is downregulated or mutated in TLX1 T-ALL.,SUPPORTED,science,easy,https://huggingface.co/datasets/scifact,source_dataset=scifact;config=claims;split=train
scifact-938,Persister cells provide relapse resistance in cancer patients.,NEI,science,easy,https://huggingface.co/datasets/scifact,source_dataset=scifact;config=claims;split=train
scifact-944,Physical activity does not improve cognitive function in individuals with Alzheimers.,REFUTED,science,medium,https://huggingface.co/datasets/scifact,source_dataset=scifact;config=claims;split=train
scifact-1005,RANK-RANKL pathway signalling is linked to development of Aire-expressing medullary thymic epithelial cells.,SUPPORTED,science,medium,https://huggingface.co/datasets/scifact,source_dataset=scifact;config=claims;split=train
scifact-1034,Removal of H3K9me3 by ectopic expression of other H3K9 demethylases decreases reprogramming efficiency in SCNT experiments.,REFUTED,science,medium,https://huggingface.co/datasets/scifact,source_dataset=scifact;config=claims;split=train
scifact-1373,Walking in traffic areas in London improves lung function in elderly adults.,REFUTED,science,medium,https://huggingface.co/datasets/scifact,source_dataset=scifact;config=claims;split=train
scifact-334,Depletion of nitric oxide is responsible for vasospasm.,SUPPORTED,science,easy,https://huggingface.co/datasets/scifact,source_dataset=scifact;config=claims;split=train
scifact-1054,Risk of cardiovascular events can be cut by a third by using antihypertensive drug therapy among hemodialysis patients.,SUPPORTED,science,medium,https://huggingface.co/datasets/scifact,source_dataset=scifact;config=claims;split=train
scifact-929,Patients with microcytosis and higher erythrocyte count were more resistant to severe malarial anaemia when infected with Plasmodium falciparum.,SUPPORTED,science,medium,https://huggingface.co/datasets/scifact,source_dataset=scifact;config=claims;split=train
scifact-1074,Sequence conservation in gene regulatory regions between species is a high-accuracy predictor of conserved functionality.,NEI,science,medium,https://huggingface.co/datasets/scifact,source_dataset=scifact;config=claims;split=train
scifact-1324,Treatment with a protein named FN restores regenerative abilities of aged muscles.,SUPPORTED,science,medium,https://huggingface.co/datasets/scifact,source_dataset=scifact;config=claims;split=train
scifact-588,"In transgenic mice harboring green florescent protein under the control of the Sox2 promoter, more than 50 percent of the cells with green florescent colocalize with cell proliferation markers.",NEI,science,hard,https://huggingface.co/datasets/scifact,source_dataset=scifact;config=claims;split=train
scifact-861,Normal granulomas form in the presence of TNF in Zebrafish.,REFUTED,science,easy,https://huggingface.co/datasets/scifact,source_dataset=scifact;config=claims;split=train
scifact-612,Increased microtubule acetylation exacerbates LRRK2 Roc-COR domain mutation induced locomotor deficits.,REFUTED,science,medium,https://huggingface.co/datasets/scifact,source_dataset=scifact;config=claims;split=train
scifact-1136,TNFAIP3 is a tumor enhancer in glioblastoma.,SUPPORTED,science,easy,https://huggingface.co/datasets/scifact,source_dataset=scifact;config=claims;split=train
scifact-952,Pioglitazone use is not associated with an increased risk of prostate cancer.,REFUTED,science,medium,https://huggingface.co/datasets/scifact,source_dataset=scifact;config=claims;split=train
scifact-1404,siRNA knockdown of A20 slows tumor progression in an in vivo murine xenograft model.,SUPPORTED,science,medium,https://huggingface.co/datasets/scifact,source_dataset=scifact;config=claims;split=train
scifact-203,CD44v6 is not associated with constitutive and reprogrammed cancer stem cells driving cancer metastasis.,REFUTED,science,medium,https://huggingface.co/datasets/scifact,source_dataset=scifact;config=claims;split=train
scifact-1164,The G34R/V mutation creates a hypomethylated phenotype at the H3K36 histone.,NEI,science,medium,https://huggingface.co/datasets/scifact,source_dataset=scifact;config=claims;split=train
scifact-28,A T helper 2 cell (Th2) environment impedes disease development in patients with systemic lupus erythematosus (SLE).,REFUTED,science,medium,https://huggingface.co/datasets/scifact,source_dataset=scifact;config=claims;split=train
scifact-210,COPI coatmer is involved in lipid homeostasis.,SUPPORTED,science,easy,https://huggingface.co/datasets/scifact,source_dataset=scifact;config=claims;split=train
scifact-1085,Side effects associated with antidepressants lower risk of myocardial infarction.,NEI,science,easy,https://huggingface.co/datasets/scifact,source_dataset=scifact;config=claims;split=train
scifact-1115,Surgical treatment is not superior to non-surgical in treating adults with displaced fractures of the proximal humerus.,SUPPORTED,science,medium,https://huggingface.co/datasets/scifact,source_dataset=scifact;config=claims;split=train
scifact-717,Low nucleosome occupancy correlates with high methylation levels across species.,SUPPORTED,science,easy,https://huggingface.co/datasets/scifact,source_dataset=scifact;config=claims;split=train
scifact-60,ART has no effect on the infectiveness of HIV-positive people.,REFUTED,science,easy,https://huggingface.co/datasets/scifact,source_dataset=scifact;config=claims;split=train
scifact-287,Converting apoE4 to apoE3 by gene editing worsens the pathology associated with apoE4 in human iPSCderived neurons.,REFUTED,science,medium,https://huggingface.co/datasets/scifact,source_dataset=scifact;config=claims;split=train
scifact-197,CCL19 is a ligand for CCR7.,SUPPORTED,science,easy,https://huggingface.co/datasets/scifact,source_dataset=scifact;config=claims;split=train
scifact-1265,The risk of breast cancer among parous women decreases with placental weight of pregnancies.,REFUTED,science,medium,https://huggingface.co/datasets/scifact,source_dataset=scifact;config=claims;split=train
scifact-928,Patients with microcytosis and higher erythrocyte count are more vulnerable to severe malarial anaemia when infected with Plasmodium falciparum.,REFUTED,science,medium,https://huggingface.co/datasets/scifact,source_dataset=scifact;config=claims;split=train
scifact-912,PKG-la plays an essential role in expression of spinal long term potentiation in PGK-la knockout mice.,SUPPORTED,science,medium,https://huggingface.co/datasets/scifact,source_dataset=scifact;config=claims;split=train
scifact-189,Broadly HIV-1 Neutralizing Antibodies (bnAb) 10EB have no affinity for phospholipids.,SUPPORTED,science,medium,https://huggingface.co/datasets/scifact,source_dataset=scifact;config=claims;split=train
scifact-487,H4 G94P proteins suppress degradation of free histones via Rad53-dependent mechanisms.,NEI,science,medium,https://huggingface.co/datasets/scifact,source_dataset=scifact;config=claims;split=train
scifact-106,Ambulatory blood pressure monitoring is inaccurate at diagnosing hypertension.,REFUTED,science,easy,https://huggingface.co/datasets/scifact,source_dataset=scifact;config=claims;split=train
scifact-9,32% of liver transplantation programs required patients to discontinue methadone treatment in 2001.,SUPPORTED,science,medium,https://huggingface.co/datasets/scifact,source_dataset=scifact;config=claims;split=train
scifact-178,Birth-weight is negatively associated with breast cancer.,REFUTED,science,easy,https://huggingface.co/datasets/scifact,source_dataset=scifact;config=claims;split=train
scifact-1244,The number of unfertilized oocytes in mated hermaphrodites increases with age.,NEI,science,medium,https://huggingface.co/datasets/scifact,source_dataset=scifact;config=claims;split=train
scifact-406,F4/80+ macrophages regulate mature osteoblast maintenance.,NEI,science,easy,https://huggingface.co/datasets/scifact,source_dataset=scifact;config=claims;split=train
scifact-255,Chlamydia trachomatis is most prevalent in the UK among individuals in their 50s and 60s.,NEI,science,medium,https://huggingface.co/datasets/scifact,source_dataset=scifact;config=claims;split=train
scifact-203,CD44v6 is not associated with constitutive and reprogrammed cancer stem cells driving cancer metastasis.,REFUTED,science,medium,https://huggingface.co/datasets/scifact,source_dataset=scifact;config=claims;split=train
scifact-506,Helminths interfere with immune system control of coinfections by microbial pathogens 16.,SUPPORTED,science,medium,https://huggingface.co/datasets/scifact,source_dataset=scifact;config=claims;split=train
scifact-1115,Surgical treatment is not superior to non-surgical in treating adults with displaced fractures of the proximal humerus.,SUPPORTED,science,medium,https://huggingface.co/datasets/scifact,source_dataset=scifact;config=claims;split=train
scifact-787,Microcin J25 encourages nucleoside triphosphate (NTP) binding.,REFUTED,science,easy,https://huggingface.co/datasets/scifact,source_dataset=scifact;config=claims;split=train
scifact-590,"In young and middle-aged adults, current or remote uses of ADHD medications increase the risk of serious cardiovascular events.",REFUTED,science,medium,https://huggingface.co/datasets/scifact,source_dataset=scifact;config=claims;split=train
scifact-296,Cyclin A2 destruction is necessary to switch from unstable to stable kt-mt attachments in mitosis.,SUPPORTED,science,medium,https://huggingface.co/datasets/scifact,source_dataset=scifact;config=claims;split=train
scifact-379,Enhanced early production of inflammatory chemokines damages viral control in the lung.,REFUTED,science,medium,https://huggingface.co/datasets/scifact,source_dataset=scifact;config=claims;split=train
scifact-553,IgA plasma cells that are specific for transglutaminase 2 are scarce in the duodenal mucosa of celiac disease patients when the disease is active.,REFUTED,science,hard,https://huggingface.co/datasets/scifact,source_dataset=scifact;config=claims;split=train
scifact-332,Depletion of T-helper 17 (Th17) cells during simian immunodeficiency virus (SIV) infection decreases dissemination of Salmonella Typhimurium from the gut.,REFUTED,science,medium,https://huggingface.co/datasets/scifact,source_dataset=scifact;config=claims;split=train
scifact-925,Patients in stable partnerships progress from HIV to death at the same rate as patients not in partnerships.,REFUTED,science,medium,https://huggingface.co/datasets/scifact,source_dataset=scifact;config=claims;split=train
scifact-375,Elevated cell-free mitochondrial DNA levels are associated with mortality.,SUPPORTED,science,easy,https://huggingface.co/datasets/scifact,source_dataset=scifact;config=claims;split=train
scifact-430,FoxO3a activation in neuronal death is inhibited by reactive oxygen species (ROS).,REFUTED,science,medium,https://huggingface.co/datasets/scifact,source_dataset=scifact;config=claims;split=train
scifact-104,Allogeneic mechanical circulatory support is not as effective as autologous mechanical circulatory support for treating acute myocardial infarction.,REFUTED,science,medium,https://huggingface.co/datasets/scifact,source_dataset=scifact;config=claims;split=train
scifact-638,Input from  mental and physical health care professionals is not effective at decreasing homelessness.,NEI,science,medium,https://huggingface.co/datasets/scifact,source_dataset=scifact;config=claims;split=train
scifact-1133,TMEM27 is a marker for beta cells.,SUPPORTED,science,easy,https://huggingface.co/datasets/scifact,source_dataset=scifact;config=claims;split=train
scifact-780,Mice that lack Interferon-γ or its receptor are highly susceptible to experimental autoimmune myocarditis.,SUPPORTED,science,medium,https://huggingface.co/datasets/scifact,source_dataset=scifact;config=claims;split=train
scifact-1405,taa1 tar1 tar2 triple mutants in Arabidopsis do not make root meristem during embryogenesis.,NEI,science,medium,https://huggingface.co/datasets/scifact,source_dataset=scifact;config=claims;split=train
scifact-790,Microglia are an innate immune cell type of the peripheral nervous system.,REFUTED,science,medium,https://huggingface.co/datasets/scifact,source_dataset=scifact;config=claims;split=train
scifact-714,Low expression of miR7a does not repress target genes or exert a biological function in testis.,NEI,science,medium,https://huggingface.co/datasets/scifact,source_dataset=scifact;config=claims;split=train
scifact-25,90% of sudden infant death syndrome (SIDS) deaths happen in newborns aged less than 6 months.,NEI,science,medium,https://huggingface.co/datasets/scifact,source_dataset=scifact;config=claims;split=train
scifact-339,Dexamethasone increases risk of postoperative bleeding.,SUPPORTED,science,easy,https://huggingface.co/datasets/scifact,source_dataset=scifact;config=claims;split=train
scifact-349,Diminished ovarian reserve is a reliable indicator of infertility in a non-infertile population.,REFUTED,science,medium,https://huggingface.co/datasets/scifact,source_dataset=scifact;config=claims;split=train
scifact-337,Destination container port throughput(CPT) is positively related to dengue virus (DENV-1) diffusion in air traffic shipments.,NEI,science,medium,https://huggingface.co/datasets/scifact,source_dataset=scifact;config=claims;split=train
scifact-1115,Surgical treatment is not superior to non-surgical in treating adults with displaced fractures of the proximal humerus.,SUPPORTED,science,medium,https://huggingface.co/datasets/scifact,source_dataset=scifact;config=claims;split=train
scifact-69,Activation of PPM1D enhances p53 function.,REFUTED,science,easy,https://huggingface.co/datasets/scifact,source_dataset=scifact;config=claims;split=train
scifact-1360,Varenicline monotherapy is more effective after 26 weeks of treatment compared to combination nicotine replacement therapies with varenicline or bupropion.,REFUTED,science,medium,https://huggingface.co/datasets/scifact,source_dataset=scifact;config=claims;split=train
scifact-60,ART has no effect on the infectiveness of HIV-positive people.,REFUTED,science,easy,https://huggingface.co/datasets/scifact,source_dataset=scifact;config=claims;split=train
scifact-1042,Repressing IL-18 has negative effects on atherosclerotic lesion composition and progression.,REFUTED,science,medium,https://huggingface.co/datasets/scifact,source_dataset=scifact;config=claims;split=train
scifact-1366,VgrG (Tssl) protein punctures membranes by forming a spike at the tip of the tube apparatus.,SUPPORTED,science,medium,https://huggingface.co/datasets/scifact,source_dataset=scifact;config=claims;split=train
scifact-1044,Rhythmic expression of Cry1 translates directly into a circadian regulation of cAMP signaling in gluconeogenesis.,SUPPORTED,science,medium,https://huggingface.co/datasets/scifact,source_dataset=scifact;config=claims;split=train
scifact-565,"In S. cerevisiae, the absence of RNA surveillance pathways causes sensitivity to high iron conditions.",SUPPORTED,science,medium,https://huggingface.co/datasets/scifact,source_dataset=scifact;config=claims;split=train
scifact-400,Exposure to fine particulate air pollution is unrelated to anxiety prevalence.,REFUTED,science,medium,https://huggingface.co/datasets/scifact,source_dataset=scifact;config=claims;split=train
scifact-39,A diminished ovarian reserve does not solely indicate infertility in an a priori non-infertile population.,SUPPORTED,science,medium,https://huggingface.co/datasets/scifact,source_dataset=scifact;config=claims;split=train
scifact-1115,Surgical treatment is not superior to non-surgical in treating adults with displaced fractures of the proximal humerus.,SUPPORTED,science,medium,https://huggingface.co/datasets/scifact,source_dataset=scifact;config=claims;split=train
scifact-265,Clathrin stabilizes the spindle fiber apparatus during mitosis.,SUPPORTED,science,easy,https://huggingface.co/datasets/scifact,source_dataset=scifact;config=claims;split=train
scifact-404,Expression of oncolytic virus antigens as peptides permits additional protection against relapse.,NEI,science,medium,https://huggingface.co/datasets/scifact,source_dataset=scifact;config=claims;split=train
scifact-367,Early patent ductus ateriosus (PDA) screening decreases in-hospital mortality.,SUPPORTED,science,easy,https://huggingface.co/datasets/scifact,source_dataset=scifact;config=claims;split=train
scifact-499,HbA1c consistently overestimates glycemic control in black individuals with Sickle cell trait (SCT).,REFUTED,science,medium,https://huggingface.co/datasets/scifact,source_dataset=scifact;config=claims;split=train
scifact-112,Angiotensin converting enzyme inhibitors are associated with decreased risk for functional renal insufficiency.,REFUTED,science,medium,https://huggingface.co/datasets/scifact,source_dataset=scifact;config=claims;split=train
scifact-82,"Addition of BMP4, activin A, CHIR99021, and SU504 to reprogramming fibroblasts generates, expands and maintains cardiovascular progenitor cells (CPCs)",NEI,science,medium,https://huggingface.co/datasets/scifact,source_dataset=scifact;config=claims;split=train
scifact-17,53% of perinatal mortality is due to low birth weight.,NEI,science,easy,https://huggingface.co/datasets/scifact,source_dataset=scifact;config=claims;split=train
scifact-855,Noninvasive positive pressure ventilation is not predictive of acute respiratory failure after solid organ transplantation.,REFUTED,science,medium,https://huggingface.co/datasets/scifact,source_dataset=scifact;config=claims;split=train
scifact-1314,Transcription rates in S. cerevisiae range between 0.7 and 2 kb/min.,NEI,science,medium,https://huggingface.co/datasets/scifact,source_dataset=scifact;config=claims;split=train
scifact-529,Human embryonic stem cells give rise to cell types from all three embryonic germ layers.,SUPPORTED,science,medium,https://huggingface.co/datasets/scifact,source_dataset=scifact;config=claims;split=train
scifact-250,Chenodeoxycholic acid treatment decreases brown adipose tissue activity.,REFUTED,science,easy,https://huggingface.co/datasets/scifact,source_dataset=scifact;config=claims;split=train
scifact-745,MafA phosphorylation decreases its ubiquitination.,REFUTED,science,easy,https://huggingface.co/datasets/scifact,source_dataset=scifact;config=claims;split=train
scifact-917,PTEN is a regulator for the transcriptional activity of SRF,SUPPORTED,science,easy,https://huggingface.co/datasets/scifact,source_dataset=scifact;config=claims;split=train
scifact-1257,The proportion of people with visual difficulty is two times higher in low-income countries than in high-income countries.,NEI,science,medium,https://huggingface.co/datasets/scifact,source_dataset=scifact;config=claims;split=train
scifact-1294,There is no known interaction between Pioneer factor OCT3/4 and major chromatin remodeling factors.,REFUTED,science,medium,https://huggingface.co/datasets/scifact,source_dataset=scifact;config=claims;split=train
scifact-797,Mitochondria play a major role in energy production.,SUPPORTED,science,easy,https://huggingface.co/datasets/scifact,source_dataset=scifact;config=claims;split=train
scifact-857,Nonsteroidal antinflammatory drugs show potential anticancer indications.,SUPPORTED,science,easy,https://huggingface.co/datasets/scifact,source_dataset=scifact;config=claims;split=train
scifact-648,Integrated care is successful at tackling multiple comorbidities.,SUPPORTED,science,easy,https://huggingface.co/datasets/scifact,source_dataset=scifact;config=claims;split=train
scifact-1305,Tirasemtiv targets fast-twitch muscle.,SUPPORTED,science,easy,https://huggingface.co/datasets/scifact,source_dataset=scifact;config=claims;split=train
scifact-429,Formation of N-terminal pyroglutamate by glutamine cyclase (GC) competes with NTAQ1 for Nt-Gln substrates.,NEI,science,medium,https://huggingface.co/datasets/scifact,source_dataset=scifact;config=claims;split=train
scifact-422,Flexible molecules experience less steric hindrance in the tumor microenviroment than rigid molecules.,NEI,science,medium,https://huggingface.co/datasets/scifact,source_dataset=scifact;config=claims;split=train
scifact-969,PrimPol degrades short DNA replication intermediates on the leading strand during DNA replication.,NEI,science,medium,https://huggingface.co/datasets/scifact,source_dataset=scifact;config=claims;split=train
scifact-934,Perigenital skin is not the primary site of HIV acquisition.,NEI,science,easy,https://huggingface.co/datasets/scifact,source_dataset=scifact;config=claims;split=train
scifact-1229,The microtubule-dependent delivery and secretion of matrix metalloproteases (MMPs) is partially responsible for the disassembly of adhesion sites.,SUPPORTED,science,medium,https://huggingface.co/datasets/scifact,source_dataset=scifact;config=claims;split=train
scifact-154,B3-Galectin increases cell resistance to tyrosine kinase inhibitors (TKIs) by engaging the alternate KRAS-RalB signaling complex downstream of EGFR.,NEI,science,medium,https://huggingface.co/datasets/scifact,source_dataset=scifact;config=claims;split=train
scifact-1386,cSMAC formation represses weak ligand signalling.,REFUTED,science,easy,https://huggingface.co/datasets/scifact,source_dataset=scifact;config=claims;split=train
scifact-590,"In young and middle-aged adults, current or remote uses of ADHD medications increase the risk of serious cardiovascular events.",REFUTED,science,medium,https://huggingface.co/datasets/scifact,source_dataset=scifact;config=claims;split=train
scifact-661,JMJD6 catalyzes the hydroxylation of C-terminal lysine and supresses transcriptional activity.,SUPPORTED,science,medium,https://huggingface.co/datasets/scifact,source_dataset=scifact;config=claims;split=train
scifact-733,M. stadtmanae induces ASC speck formation in BlaER1 monocytes.,NEI,science,easy,https://huggingface.co/datasets/scifact,source_dataset=scifact;config=claims;split=train
scifact-1139,Taking 400mg of α-tocopheryl acetate does not prevent prostate cancer.,SUPPORTED,science,easy,https://huggingface.co/datasets/scifact,source_dataset=scifact;config=claims;split=train
scifact-531,Human embryonic stem cells have the capacity to give rise to differentiated progeny representative of all three embryonic germ layers.,SUPPORTED,science,medium,https://huggingface.co/datasets/scifact,source_dataset=scifact;config=claims;split=train
scifact-89,Adult tissue-resident macrophages stem from the embryonal yolk sac and fetal liver.,NEI,science,medium,https://huggingface.co/datasets/scifact,source_dataset=scifact;config=claims;split=train
scifact-858,Normal expression of RUNX1 causes tumorsupressing effects.,SUPPORTED,science,easy,https://huggingface.co/datasets/scifact,source_dataset=scifact;config=claims;split=train
scifact-584,"In rhesus macaques, daily subcutaneous injections of tenofovir protects against rectally transmitted simian-human immunodeficiency virus.",SUPPORTED,science,medium,https://huggingface.co/datasets/scifact,source_dataset=scifact;config=claims;split=train
scifact-24,90% of patients with melanoma and an objective response to PD-1 blockade will experience a progression in their melanoma.,NEI,science,medium,https://huggingface.co/datasets/scifact,source_dataset=scifact;config=claims;split=train
scifact-39,A diminished ovarian reserve does not solely indicate infertility in an a priori non-infertile population.,SUPPORTED,science,medium,https://huggingface.co/datasets/scifact,source_dataset=scifact;config=claims;split=train
scifact-456,Genes regulated by Esrrb transcription factor are sensitive to Mbd3 function.,NEI,science,medium,https://huggingface.co/datasets/scifact,source_dataset=scifact;config=claims;split=train
scifact-159,BRCA 1 mutation carriers' risk of breast and ovarian cancer depends on where the mutation is located.,SUPPORTED,science,medium,https://huggingface.co/datasets/scifact,source_dataset=scifact;config=claims;split=train
scifact-863,Notch signaling occurs between tumor cells and stromal cells.,SUPPORTED,science,easy,https://huggingface.co/datasets/scifact,source_dataset=scifact;config=claims;split=train
scifact-1072,Sepsis related mortality has remained stable between 2009-2014.,SUPPORTED,science,easy,https://huggingface.co/datasets/scifact,source_dataset=scifact;config=claims;split=train
scifact-378,Energy balance requires hypothalamic glutamate neurotransmission.,SUPPORTED,science,easy,https://huggingface.co/datasets/scifact,source_dataset=scifact;config=claims;split=train
scifact-1135,TNFAIP3 is a glioblastoma tumor suppressor.,REFUTED,science,easy,https://huggingface.co/datasets/scifact,source_dataset=scifact;config=claims;split=train
scifact-632,Inhibiting focal adhesion formation enables cells to convert mechanical strain into eventual scarring.,REFUTED,science,medium,https://huggingface.co/datasets/scifact,source_dataset=scifact;config=claims;split=train
scifact-1109,Suboptimal nutrition is a leading cause of premature death,SUPPORTED,science,easy,https://huggingface.co/datasets/scifact,source_dataset=scifact;config=claims;split=train
scifact-1181,The RANK-RANK-Ligand (RANKL) pathway is involved in the development of Aire-expressing medullary thymic epithelial cells (mTECs).,SUPPORTED,science,medium,https://huggingface.co/datasets/scifact,source_dataset=scifact;config=claims;split=train
scifact-1398,p16INK4A degradation is encoded by CDKN2A.,NEI,science,easy,https://huggingface.co/datasets/scifact,source_dataset=scifact;config=claims;split=train
scifact-358,"During non-homologous end joining, the ligation step is not as tolerant of disrepairs and other distortions when joining 5' of strand breaks as compared to 3' strand breaks.",NEI,science,hard,https://huggingface.co/datasets/scifact,source_dataset=scifact;config=claims;split=train
scifact-1081,Side effects associated with antidepressants do not represent a mortality risk to postmenopausal women.,REFUTED,science,medium,https://huggingface.co/datasets/scifact,source_dataset=scifact;config=claims;split=train
scifact-653,Interleukin-18 plays an important role in the pathogenesis of atherosclerosis.,SUPPORTED,science,easy,https://huggingface.co/datasets/scifact,source_dataset=scifact;config=claims;split=train
scifact-840,Natriuretic peptides increase susceptibility to diabetes.,REFUTED,science,easy,https://huggingface.co/datasets/scifact,source_dataset=scifact;config=claims;split=train
scifact-226,Cancer-associated fibroblasts (CAFs) interact with cancer cells to mediate formation and activation of CAFs.,NEI,science,medium,https://huggingface.co/datasets/scifact,source_dataset=scifact;config=claims;split=train
scifact-886,One in two surgical randomized controlled trials are discontinued early.,REFUTED,science,easy,https://huggingface.co/datasets/scifact,source_dataset=scifact;config=claims;split=train
scifact-1249,The peak incidence of fractures occurs in toddlers.,REFUTED,science,easy,https://huggingface.co/datasets/scifact,source_dataset=scifact;config=claims;split=train
scifact-885,One in five surgical randomized controlled trials are discontinued early.,SUPPORTED,science,easy,https://huggingface.co/datasets/scifact,source_dataset=scifact;config=claims;split=train
scifact-900,Oxidative phosphorylation is one of the primary glycometabolic pathways in cells.,NEI,science,medium,https://huggingface.co/datasets/scifact,source_dataset=scifact;config=claims;split=train
scifact-927,Patients with common epithelial cancers are less likely to have an emergency event as their first hospital admission if they live in resource-deprived areas.,REFUTED,science,hard,https://huggingface.co/datasets/scifact,source_dataset=scifact;config=claims;split=train
scifact-61,ART substantially reduces infectiveness of HIV-positive people.,SUPPORTED,science,easy,https://huggingface.co/datasets/scifact,source_dataset=scifact;config=claims;split=train
scifact-739,MT binding domain drives amyloid structure formation.,NEI,science,easy,https://huggingface.co/datasets/scifact,source_dataset=scifact;config=claims;split=train
scifact-594,Incidence of heart failure increased by 10% in women since 1979.,REFUTED,science,medium,https://huggingface.co/datasets/scifact,source_dataset=scifact;config=claims;split=train
scifact-802,Monoclonal antibody targeting of N-cadherin encourages metastasis.,REFUTED,science,easy,https://huggingface.co/datasets/scifact,source_dataset=scifact;config=claims;split=train
scifact-973,Primary cervical cytology screening with HPV detection has higher longitudinal sensitivity to detect severe cervical intraepithelial neoplasia than conventional cytology.,SUPPORTED,science,medium,https://huggingface.co/datasets/scifact,source_dataset=scifact;config=claims;split=train
scifact-668,Klf4 is important for proper myeloid cell differentiation.,SUPPORTED,science,easy,https://huggingface.co/datasets/scifact,source_dataset=scifact;config=claims;split=train
scifact-945,Physical activity level has no association with the difference in maximal oxygen consumption between black and white youth.,NEI,science,medium,https://huggingface.co/datasets/scifact,source_dataset=scifact;config=claims;split=train
scifact-953,Pioglitazone use is significantly associated with an increased risk of pancreatic cancer.,SUPPORTED,science,medium,https://huggingface.co/datasets/scifact,source_dataset=scifact;config=claims;split=train
scifact-1311,"Trans-acting factors, such as lncRNAs, influence mRNA translation.",SUPPORTED,science,easy,https://huggingface.co/datasets/scifact,source_dataset=scifact;config=claims;split=train
scifact-788,Microcin J25 inhibits nucleoside triphosphate (NTP) binding.,SUPPORTED,science,easy,https://huggingface.co/datasets/scifact,source_dataset=scifact;config=claims;split=train
scifact-1300,Thiopurine active metabolites can be catabolized through dephosphorylation of thioguanine nucleotides.,NEI,science,medium,https://huggingface.co/datasets/scifact,source_dataset=scifact;config=claims;split=train
scifact-447,Gastric infection with Helicobacter pylori decreases risk of gastric cancer in humans.,REFUTED,science,medium,https://huggingface.co/datasets/scifact,source_dataset=scifact;config=claims;split=train
scifact-403,Expression of oncolytic virus antigens as peptides makes relapse more likely.,NEI,science,medium,https://huggingface.co/datasets/scifact,source_dataset=scifact;config=claims;split=train
scifact-621,Individuals with Alzheimers who participate in six months of physical activity improve cognitive function for up to 18 months.,SUPPORTED,science,medium,https://huggingface.co/datasets/scifact,source_dataset=scifact;config=claims;split=train
scifact-977,Pro-inflammatory cytokines are up regulated during tumor development.,SUPPORTED,science,easy,https://huggingface.co/datasets/scifact,source_dataset=scifact;config=claims;split=train
scifact-980,Propriospinal interneurons that play a role in the plastic reorganization of spinal circuits are integral for recovery from spinal cord injury.,SUPPORTED,science,hard,https://huggingface.co/datasets/scifact,source_dataset=scifact;config=claims;split=train
scifact-108,Amitriptyline is an effective treatment for chronic tension-type headaches.,SUPPORTED,science,easy,https://huggingface.co/datasets/scifact,source_dataset=scifact;config=claims;split=train
scifact-389,Ethanol stress increases the expression of IBP in bacteria.,NEI,science,easy,https://huggingface.co/datasets/scifact,source_dataset=scifact;config=claims;split=train
scifact-455,Genes involved in pre-mRNA splicing have a significant impact on genome stability.,SUPPORTED,science,medium,https://huggingface.co/datasets/scifact,source_dataset=scifact;config=claims;split=train
scifact-1206,The composition of myosin-II isoform switches from the A isoform to the B isoform during hematopoietic differentiation.,NEI,science,medium,https://huggingface.co/datasets/scifact,source_dataset=scifact;config=claims;split=train
scifact-69,Activation of PPM1D enhances p53 function.,REFUTED,science,easy,https://huggingface.co/datasets/scifact,source_dataset=scifact;config=claims;split=train
scifact-856,Nonsteroidal antinflammatory drugs are ineffective as cancer treatments.,REFUTED,science,easy,https://huggingface.co/datasets/scifact,source_dataset=scifact;config=claims;split=train
scifact-229,Carriers of HNF4A mutations are at reduced risk for diabetes.,NEI,science,easy,https://huggingface.co/datasets/scifact,source_dataset=scifact;config=claims;split=train
scifact-972,Primary cervical cancer screening with HPV detection has lower longitudinal sensitivity than conventional cytology to detect cervical intraepithelial neoplasia grade 2.,REFUTED,science,hard,https://huggingface.co/datasets/scifact,source_dataset=scifact;config=claims;split=train
scifact-547,IL-10 production by monocytes inhibits CD4 + T cell response.,SUPPORTED,science,easy,https://huggingface.co/datasets/scifact,source_dataset=scifact;config=claims;split=train
scifact-167,Bariatric surgery leads to positive outcomes in mental health.,SUPPORTED,science,easy,https://huggingface.co/datasets/scifact,source_dataset=scifact;config=claims;split=train
scifact-375,Elevated cell-free mitochondrial DNA levels are associated with mortality.,SUPPORTED,science,easy,https://huggingface.co/datasets/scifact,source_dataset=scifact;config=claims;split=train
scifact-1169,The M2-phenotype in brown adipose tissue macrophages increases brown adipose tissue thermogenic activity.,SUPPORTED,science,medium,https://huggingface.co/datasets/scifact,source_dataset=scifact;config=claims;split=train
scifact-1003,RAD52 is involved in break-induced DNA replication (BIR).,SUPPORTED,science,easy,https://huggingface.co/datasets/scifact,source_dataset=scifact;config=claims;split=train
scifact-1288,There is a positive correlation between hip fractures and statin use.,REFUTED,science,medium,https://huggingface.co/datasets/scifact,source_dataset=scifact;config=claims;split=train
scifact-766,Medications to treat obesity have unwanted side effects.,SUPPORTED,science,easy,https://huggingface.co/datasets/scifact,source_dataset=scifact;config=claims;split=train
scifact-47,A strong bias in the phage genome locations where the spacers were derived has been observed in many CRISPR subtypes that confer the immunity to phage.,SUPPORTED,science,hard,https://huggingface.co/datasets/scifact,source_dataset=scifact;config=claims;split=train
scifact-301,Cytosolic proteins bind to iron-responsive elements on mRNAs coding for TFRC1.,NEI,science,medium,https://huggingface.co/datasets/scifact,source_dataset=scifact;config=claims;split=train
scifact-749,Major antigen-induced signals from the T cell receptor and secondary signals from costimulatory receptors are required for T cell activation.,SUPPORTED,science,medium,https://huggingface.co/datasets/scifact,source_dataset=scifact;config=claims;split=train
scifact-1302,Tirasemtiv has no effect on cardiac muscle.,NEI,science,easy,https://huggingface.co/datasets/scifact,source_dataset=scifact;config=claims;split=train
scifact-1261,The removal of reactive oxygen species by activated oncogenes contributes to the increased genomic instability of leukaemia cells.,REFUTED,science,medium,https://huggingface.co/datasets/scifact,source_dataset=scifact;config=claims;split=train
scifact-1111,Sudden death can occur in patients with complex ventricular arrhythmias.,NEI,science,easy,https://huggingface.co/datasets/scifact,source_dataset=scifact;config=claims;split=train
scifact-1126,Systemic immunosuppressive (IS) therapy increases the chance of cancer mortality in patients with inflammatory eye disease (IED),REFUTED,science,medium,https://huggingface.co/datasets/scifact,source_dataset=scifact;config=claims;split=train
scifact-807,Most termination events in Okazaki fragments are dictated by initiation patterns.,SUPPORTED,science,medium,https://huggingface.co/datasets/scifact,source_dataset=scifact;config=claims;split=train
scifact-676,LRBA prevents CTLA - 4 recycling.,NEI,science,easy,https://huggingface.co/datasets/scifact,source_dataset=scifact;config=claims;split=train
scifact-1186,The World Health Organization's (WHO) data collection process is biased downward by unequal selection of larger outbreaks.,NEI,science,medium,https://huggingface.co/datasets/scifact,source_dataset=scifact;config=claims;split=train
scifact-988,Pseudoknots are not evolutionarily conserved in most eukaryotes.,NEI,science,easy,https://huggingface.co/datasets/scifact,source_dataset=scifact;config=claims;split=train
scifact-1136,TNFAIP3 is a tumor enhancer in glioblastoma.,SUPPORTED,science,easy,https://huggingface.co/datasets/scifact,source_dataset=scifact;config=claims;split=train
scifact-910,PKG-la does not have a large impact on expression of spinal long term potentiation in PGK-la knockout mice.,REFUTED,science,medium,https://huggingface.co/datasets/scifact,source_dataset=scifact;config=claims;split=train
scifact-1069,Scapular stabilizer exercises are more effective than general exercise therapy in reducing pain and improving function of the shoulder.,SUPPORTED,science,medium,https://huggingface.co/datasets/scifact,source_dataset=scifact;config=claims;split=train
scifact-929,Patients with microcytosis and higher erythrocyte count were more resistant to severe malarial anaemia when infected with Plasmodium falciparum.,SUPPORTED,science,medium,https://huggingface.co/datasets/scifact,source_dataset=scifact;config=claims;split=train
scifact-1153,The C-type lectin receptor (CLEC-2) rearranges the actin cytoskeleton in dendritic cells to promote efficient motility along stromal surfaces.,SUPPORTED,science,medium,https://huggingface.co/datasets/scifact,source_dataset=scifact;config=claims;split=train
scifact-565,"In S. cerevisiae, the absence of RNA surveillance pathways causes sensitivity to high iron conditions.",SUPPORTED,science,medium,https://huggingface.co/datasets/scifact,source_dataset=scifact;config=claims;split=train
scifact-28,A T helper 2 cell (Th2) environment impedes disease development in patients with systemic lupus erythematosus (SLE).,REFUTED,science,medium,https://huggingface.co/datasets/scifact,source_dataset=scifact;config=claims;split=train
scifact-984,Pseudogene PTENP1 encodes a transcript that regulates PTEN expression.,SUPPORTED,science,easy,https://huggingface.co/datasets/scifact,source_dataset=scifact;config=claims;split=train
scifact-970,PrimPol generates short DNA replication intermediates on the leading strand during DNA replication.,NEI,science,medium,https://huggingface.co/datasets/scifact,source_dataset=scifact;config=claims;split=train
scifact-463,Genomic aberrations of metastases provide information for targeted therapy.,SUPPORTED,science,easy,https://huggingface.co/datasets/scifact,source_dataset=scifact;config=claims;split=train
scifact-370,Egr2 regulates the homeostasis of B and T cells.,SUPPORTED,science,easy,https://huggingface.co/datasets/scifact,source_dataset=scifact;config=claims;split=train
scifact-541,Hypothalamic glutamate neurotransmission is unrelated to energy balance.,REFUTED,science,easy,https://huggingface.co/datasets/scifact,source_dataset=scifact;config=claims;split=train
scifact-1033,Reduction of purity of cytoplasmic membranes isolated from overexpressors is indicated by stronger spots for OmpF in 2D BN-PAGE gels.,NEI,science,medium,https://huggingface.co/datasets/scifact,source_dataset=scifact;config=claims;split=train
scifact-263,Citrullinated proteins externalized in neutrophil extracellular traps act indirectly to disrupt the inflammatory cycle.,REFUTED,science,medium,https://huggingface.co/datasets/scifact,source_dataset=scifact;config=claims;split=train
scifact-930,Patients with panic anxiety show decreased CSF levels of hypocretin.,REFUTED,science,easy,https://huggingface.co/datasets/scifact,source_dataset=scifact;config=claims;split=train
scifact-76,Active Ly49Q induces neutrophil polarization.,SUPPORTED,science,easy,https://huggingface.co/datasets/scifact,source_dataset=scifact;config=claims;split=train
scifact-119,Antidepressants increase the severity of migraines.,REFUTED,science,easy,https://huggingface.co/datasets/scifact,source_dataset=scifact;config=claims;split=train
scifact-178,Birth-weight is negatively associated with breast cancer.,REFUTED,science,easy,https://huggingface.co/datasets/scifact,source_dataset=scifact;config=claims;split=train
scifact-951,Piezo1 channels are sensors for cell migration in epithelial cells.,SUPPORTED,science,easy,https://huggingface.co/datasets/scifact,source_dataset=scifact;config=claims;split=train
scifact-782,Mice without IFN-γ or its receptor are highly susceptible to EAM induced with α-MyHC/CFA.,SUPPORTED,science,medium,https://huggingface.co/datasets/scifact,source_dataset=scifact;config=claims;split=train
scifact-308,DUSP4 downregulation deactivates the Ras-ERK pathway,REFUTED,science,easy,https://huggingface.co/datasets/scifact,source_dataset=scifact;config=claims;split=train
scifact-367,Early patent ductus ateriosus (PDA) screening decreases in-hospital mortality.,SUPPORTED,science,easy,https://huggingface.co/datasets/scifact,source_dataset=scifact;config=claims;split=train
scifact-381,Environmental factors can influence the development of breast cancer.,SUPPORTED,science,easy,https://huggingface.co/datasets/scifact,source_dataset=scifact;config=claims;split=train
scifact-1005,RANK-RANKL pathway signalling is linked to development of Aire-expressing medullary thymic epithelial cells.,SUPPORTED,science,medium,https://huggingface.co/datasets/scifact,source_dataset=scifact;config=claims;split=train
scifact-689,Less than 10% of patients exposed to radiation have activated markers of mesenchymal stem cells.,NEI,science,medium,https://huggingface.co/datasets/scifact,source_dataset=scifact;config=claims;split=train
scifact-176,BiP is a general endoplasmic reticulum stress marker.,NEI,science,easy,https://huggingface.co/datasets/scifact,source_dataset=scifact;config=claims;split=train
scifact-1248,The peak incidence of fractures occurs during pubertal growth spurt in early adolescents.,SUPPORTED,science,medium,https://huggingface.co/datasets/scifact,source_dataset=scifact;config=claims;split=train
scifact-1003,RAD52 is involved in break-induced DNA replication (BIR).,SUPPORTED,science,easy,https://huggingface.co/datasets/scifact,source_dataset=scifact;config=claims;split=train
scifact-726,Ly6C hi monocytes have a higher inflammatory capacity than Ly6C lo monocytes.,SUPPORTED,science,medium,https://huggingface.co/datasets/scifact,source_dataset=scifact;config=claims;split=train
scifact-470,"Glioblastoma multiforme (GBM) is characterized by extensive invasion, rapid growth, necrosis, and angiogenesis.",SUPPORTED,science,medium,https://huggingface.co/datasets/scifact,source_dataset=scifact;config=claims;split=train
scifact-396,Exercise increases cancer mortality rates among Chinese citizens.,REFUTED,science,easy,https://huggingface.co/datasets/scifact,source_dataset=scifact;config=claims;split=train
scifact-801,Monoclonal antibody targeting of N-cadherin encourages castration resistance.,REFUTED,science,easy,https://huggingface.co/datasets/scifact,source_dataset=scifact;config=claims;split=train
scifact-93,Aggravated inflammation is dependent on NLRP3 inflammasome activation.,SUPPORTED,science,easy,https://huggingface.co/datasets/scifact,source_dataset=scifact;config=claims;split=train
scifact-730,Lysine histone demethylase inhibitor JIB 04 is inactive against KDM5A.,NEI,science,easy,https://huggingface.co/datasets/scifact,source_dataset=scifact;config=claims;split=train
scifact-738,MICAL redox enzymes regulate actin dynamics.,SUPPORTED,science,easy,https://huggingface.co/datasets/scifact,source_dataset=scifact;config=claims;split=train
scifact-669,Klf4 is not required for proper myeloid cell differentiation.,REFUTED,science,easy,https://huggingface.co/datasets/scifact,source_dataset=scifact;config=claims;split=train
scifact-91,Aged patients are less susceptible to ischaemia/reperfusion injury.,NEI,science,easy,https://huggingface.co/datasets/scifact,source_dataset=scifact;config=claims;split=train
scifact-313,De novo assembly of sequence data has shorter contigs than unassembled sequence data.,NEI,science,medium,https://huggingface.co/datasets/scifact,source_dataset=scifact;config=claims;split=train
scifact-1227,The mean suicide rate in women is higher after miscarriage than live birth.,SUPPORTED,science,medium,https://huggingface.co/datasets/scifact,source_dataset=scifact;config=claims;split=train
scifact-15,50% of patients exposed to radiation have activated markers of mesenchymal stem cells.,NEI,science,medium,https://huggingface.co/datasets/scifact,source_dataset=scifact;config=claims;split=train
scifact-607,Increased diastolic blood pressure (DBP) is associated with abdominal aortic aneurysm.,SUPPORTED,science,medium,https://huggingface.co/datasets/scifact,source_dataset=scifact;config=claims;split=train
scifact-45,A mutation in HNF4A leads to an increased risk of diabetes by the age of 14 years.,NEI,science,medium,https://huggingface.co/datasets/scifact,source_dataset=scifact;config=claims;split=train
scifact-1380,Women with a lower birth weight are more likely to develop breast cancer later in life.,REFUTED,science,medium,https://huggingface.co/datasets/scifact,source_dataset=scifact;config=claims;split=train
scifact-812,Mutant mice lacking SVCT2 have severely reduced ascorbic acid levels in both brain and adrenals.,SUPPORTED,science,medium,https://huggingface.co/datasets/scifact,source_dataset=scifact;config=claims;split=train
scifact-548,IL-6 signaling plays a major role in atherosclerotic cardiovascular disease.,SUPPORTED,science,easy,https://huggingface.co/datasets/scifact,source_dataset=scifact;config=claims;split=train
scifact-235,Cell autonomous sex determination in somatic cells occurs in Galliformes.,SUPPORTED,science,easy,https://huggingface.co/datasets/scifact,source_dataset=scifact;config=claims;split=train
scifact-1361,Varying expression levels of EBI2 affect the positioning and migration of B cells.,SUPPORTED,science,medium,https://huggingface.co/datasets/scifact,source_dataset=scifact;config=claims;split=train
scifact-854,Nonhypertensive people who are 55 years old have a 90% chance of developing hypertension during their lifetime.,SUPPORTED,science,medium,https://huggingface.co/datasets/scifact,source_dataset=scifact;config=claims;split=train
scifact-1145,Taxation of sugar-sweetened beverages reduced the incidence rate of type II diabetes in India.,SUPPORTED,science,medium,https://huggingface.co/datasets/scifact,source_dataset=scifact;config=claims;split=train
scifact-1069,Scapular stabilizer exercises are more effective than general exercise therapy in reducing pain and improving function of the shoulder.,SUPPORTED,science,medium,https://huggingface.co/datasets/scifact,source_dataset=scifact;config=claims;split=train
scifact-308,DUSP4 downregulation deactivates the Ras-ERK pathway,REFUTED,science,easy,https://huggingface.co/datasets/scifact,source_dataset=scifact;config=claims;split=train
scifact-280,Comparative transcriptome analysis identified new platelet proteins with structural features suggesting a role in platelet function.,SUPPORTED,science,medium,https://huggingface.co/datasets/scifact,source_dataset=scifact;config=claims;split=train
scifact-144,Autologous transplantation of mesenchymal stem cells has better graft function than induction therapy with anti-interleukin-2 receptor antibodies.,SUPPORTED,science,medium,https://huggingface.co/datasets/scifact,source_dataset=scifact;config=claims;split=train
scifact-1348,"Upon viral challenge, influenza-specific memory CD4+ T cells greatly enhance the early production of inflammatory chemokines in the lung.",SUPPORTED,science,medium,https://huggingface.co/datasets/scifact,source_dataset=scifact;config=claims;split=train
scifact-376,Eliminating the last sporadic cases of malaria requires considerable funding.,NEI,science,easy,https://huggingface.co/datasets/scifact,source_dataset=scifact;config=claims;split=train
scifact-262,Cis-acting lncRNAs control the expression of genes that are positioned in the vicinity of their transcription sites.,NEI,science,medium,https://huggingface.co/datasets/scifact,source_dataset=scifact;config=claims;split=train
scifact-677,LRBA promotes CTLA - 4 recycling.,NEI,science,easy,https://huggingface.co/datasets/scifact,source_dataset=scifact;config=claims;split=train
scifact-990,Pyridostatin decreases telomere fragility in BRCA2-deficient cells.,REFUTED,science,easy,https://huggingface.co/datasets/scifact,source_dataset=scifact;config=claims;split=train
scifact-1004,RANK-RANKL pathway signalling has no known association with development of Aire-expressing medullary thymic epithelial cells.,REFUTED,science,medium,https://huggingface.co/datasets/scifact,source_dataset=scifact;config=claims;split=train
scifact-165,Bariatric surgery increases rates of postmenopausal breast cancer.,SUPPORTED,science,easy,https://huggingface.co/datasets/scifact,source_dataset=scifact;config=claims;split=train
scifact-86,Adult tissue-resident macrophages are seeded before birth.,SUPPORTED,science,easy,https://huggingface.co/datasets/scifact,source_dataset=scifact;config=claims;split=train
scifact-364,EGR2 is important to myelination of the peripheral nervous system.,NEI,science,easy,https://huggingface.co/datasets/scifact,source_dataset=scifact;config=claims;split=train
scifact-1190,The amount of publicly available DNA data doubles every 10 months.,NEI,science,medium,https://huggingface.co/datasets/scifact,source_dataset=scifact;config=claims;split=train
scifact-76,Active Ly49Q induces neutrophil polarization.,SUPPORTED,science,easy,https://huggingface.co/datasets/scifact,source_dataset=scifact;config=claims;split=train
scifact-738,MICAL redox enzymes regulate actin dynamics.,SUPPORTED,science,easy,https://huggingface.co/datasets/scifact,source_dataset=scifact;config=claims;split=train
scifact-1334,Type 1 Diabetes is associated with subtle perturbations in T reg development.,SUPPORTED,science,medium,https://huggingface.co/datasets/scifact,source_dataset=scifact;config=claims;split=train
scifact-962,Post-transcriptional handling of mitochondrial transcripts occurs in mitochondrial RNA granules.,SUPPORTED,science,easy,https://huggingface.co/datasets/scifact,source_dataset=scifact;config=claims;split=train
scifact-703,Localization of PIN1 in the roots of Arabidopsis requires VPS9a,NEI,science,easy,https://huggingface.co/datasets/scifact,source_dataset=scifact;config=claims;split=train
scifact-669,Klf4 is not required for proper myeloid cell differentiation.,REFUTED,science,easy,https://huggingface.co/datasets/scifact,source_dataset=scifact;config=claims;split=train
scifact-876,Obesity raises life quality.,NEI,science,easy,https://huggingface.co/datasets/scifact,source_dataset=scifact;config=claims;split=train
scifact-104,Allogeneic mechanical circulatory support is not as effective as autologous mechanical circulatory support for treating acute myocardial infarction.,REFUTED,science,medium,https://huggingface.co/datasets/scifact,source_dataset=scifact;config=claims;split=train
scifact-483,H.pylori-mediated gastric cancer occurs due to the accumulation of mutations in host epithelial cells.,SUPPORTED,science,medium,https://huggingface.co/datasets/scifact,source_dataset=scifact;config=claims;split=train
scifact-111,Androgenetic haploid mouse embryonic stem cells (ESCs) can be derived and genetically manipulated in vitro.,SUPPORTED,science,medium,https://huggingface.co/datasets/scifact,source_dataset=scifact;config=claims;split=train
scifact-963,Pre-mRNAs associated with spliceosomal components are less stable than unassociated splicing substrates.,REFUTED,science,medium,https://huggingface.co/datasets/scifact,source_dataset=scifact;config=claims;split=train
scifact-846,Neutrophils produce IL-1β in response to large particles.,SUPPORTED,science,easy,https://huggingface.co/datasets/scifact,source_dataset=scifact;config=claims;split=train
scifact-1181,The RANK-RANK-Ligand (RANKL) pathway is involved in the development of Aire-expressing medullary thymic epithelial cells (mTECs).,SUPPORTED,science,medium,https://huggingface.co/datasets/scifact,source_dataset=scifact;config=claims;split=train
scifact-153,B3-Galectin decreases cell resistance to tyrosine kinase inhibitors (TKIs) by engaging the alternate KRAS-RalB signaling complex downstream of EGFR.,NEI,science,medium,https://huggingface.co/datasets/scifact,source_dataset=scifact;config=claims;split=train
scifact-1068,ScPif1p has reduced binding ability to G-rich ssDNA compared to non-G-rich ssDNA.,NEI,science,medium,https://huggingface.co/datasets/scifact,source_dataset=scifact;config=claims;split=train
scifact-22,76-85% of people with severe mental disorder receive no treatment in low and middle income countries.,SUPPORTED,science,medium,https://huggingface.co/datasets/scifact,source_dataset=scifact;config=claims;split=train
scifact-1215,The effect of Lipopolysaccharides on kidney barrier function is dependent on inflammation levels.,NEI,science,medium,https://huggingface.co/datasets/scifact,source_dataset=scifact;config=claims;split=train
scifact-791,Migraine with aura is associated with ischemic stroke.,SUPPORTED,science,easy,https://huggingface.co/datasets/scifact,source_dataset=scifact;config=claims;split=train
scifact-340,Diabetes remission occurs less in people treated with conventional therapy than in people treated with laparoscopic adjustable gastric banding surgery.,SUPPORTED,science,medium,https://huggingface.co/datasets/scifact,source_dataset=scifact;config=claims;split=train
scifact-909,PKG-la does not have a large impact on expression of pain hypersensitivity in PGK-la knockout mice.,REFUTED,science,medium,https://huggingface.co/datasets/scifact,source_dataset=scifact;config=claims;split=train
scifact-1050,Risedronate increases risk of vertebral and non-vertebral fractures.,REFUTED,science,easy,https://huggingface.co/datasets/scifact,source_dataset=scifact;config=claims;split=train
scifact-1341,Ultrasound guidance significantly reduces the number of traumatic procedures when attempting needle insertion.,SUPPORTED,science,medium,https://huggingface.co/datasets/scifact,source_dataset=scifact;config=claims;split=train
scifact-738,MICAL redox enzymes regulate actin dynamics.,SUPPORTED,science,easy,https://huggingface.co/datasets/scifact,source_dataset=scifact;config=claims;split=train
scifact-40,"A diminished ovarian reserve is a very strong indicator of infertility, even in an a priori non-infertile population.",REFUTED,science,medium,https://huggingface.co/datasets/scifact,source_dataset=scifact;config=claims;split=train
scifact-316,Decreased conversion of PGE 2 to PPARy ligand 15-ket-PGE 2 causes accumulation of PGE.,NEI,science,medium,https://huggingface.co/datasets/scifact,source_dataset=scifact;config=claims;split=train
scifact-1371,Vitamin D is an important factor in the relationship between calcium and parathyroid hormone.,SUPPORTED,science,medium,https://huggingface.co/datasets/scifact,source_dataset=scifact;config=claims;split=train
scifact-1072,Sepsis related mortality has remained stable between 2009-2014.,SUPPORTED,science,easy,https://huggingface.co/datasets/scifact,source_dataset=scifact;config=claims;split=train
scifact-81,Acute ablation of Snail in the embryonic cortex affects the proliferation and number of embryonic cortical precursors.,NEI,science,medium,https://huggingface.co/datasets/scifact,source_dataset=scifact;config=claims;split=train
scifact-681,Lack of FGF21 in mice leads to atherosclerotic plaque formation.,SUPPORTED,science,easy,https://huggingface.co/datasets/scifact,source_dataset=scifact;config=claims;split=train
scifact-1027,Reduced phosphorylation of PP2A suppresses HDAC4 dephosphorylation.,NEI,science,easy,https://huggingface.co/datasets/scifact,source_dataset=scifact;config=claims;split=train
scifact-1036,Removal of H3K9me3 improves reprogramming efficiency in human somatic cell nuclear transfer experiments.,SUPPORTED,science,medium,https://huggingface.co/datasets/scifact,source_dataset=scifact;config=claims;split=train
scifact-356,Dscam1 acts as a hypervariable pattern-recognition receptor for the immune system.,SUPPORTED,science,medium,https://huggingface.co/datasets/scifact,source_dataset=scifact;config=claims;split=train
scifact-1004,RANK-RANKL pathway signalling has no known association with development of Aire-expressing medullary thymic epithelial cells.,REFUTED,science,medium,https://huggingface.co/datasets/scifact,source_dataset=scifact;config=claims;split=train
scifact-55,AMP-activated protein kinase (AMPK) activation reduces inflammation-related fibrosis in the lungs.,SUPPORTED,science,medium,https://huggingface.co/datasets/scifact,source_dataset=scifact;config=claims;split=train
scifact-530,"Human embryonic stem cells give rise to cell types from the outer embryonic germ layer, but not the other two layers.",REFUTED,science,hard,https://huggingface.co/datasets/scifact,source_dataset=scifact;config=claims;split=train
scifact-1135,TNFAIP3 is a glioblastoma tumor suppressor.,REFUTED,science,easy,https://huggingface.co/datasets/scifact,source_dataset=scifact;config=claims;split=train
scifact-965,Prescribed exercise training improves quality of life.,SUPPORTED,science,easy,https://huggingface.co/datasets/scifact,source_dataset=scifact;config=claims;split=train
scifact-530,"Human embryonic stem cells give rise to cell types from the outer embryonic germ layer, but not the other two layers.",REFUTED,science,hard,https://huggingface.co/datasets/scifact,source_dataset=scifact;config=claims;split=train
scifact-946,Physical activity level is associated with the difference in maximal oxygen consumption between black and white youth.,NEI,science,medium,https://huggingface.co/datasets/scifact,source_dataset=scifact;config=claims;split=train
scifact-683,Lack of FGF21 in mice slows the rate of atherosclerotic plaque formation.,REFUTED,science,medium,https://huggingface.co/datasets/scifact,source_dataset=scifact;config=claims;split=train
scifact-425,"For every 1,000 children with cerebral palsy, more than 300 of them are premature or underweight at birth.",NEI,science,medium,https://huggingface.co/datasets/scifact,source_dataset=scifact;config=claims;split=train
scifact-1009,RUNX1 is downregulated or mutated in TLX1 T-ALL.,SUPPORTED,science,easy,https://huggingface.co/datasets/scifact,source_dataset=scifact;config=claims;split=train
scifact-243,"Cellular differentiation of embryonic stem cells is accompanied by changes in replication timing, transcription and nuclear localization.",SUPPORTED,science,medium,https://huggingface.co/datasets/scifact,source_dataset=scifact;config=claims;split=train
scifact-615,Increased microtubule acetylation worsens interference of axonal transport caused by LRRK2 Roc-COR domain mutations.,REFUTED,science,medium,https://huggingface.co/datasets/scifact,source_dataset=scifact;config=claims;split=train
scifact-680,Lack of FGF21 in mice increases life expectancy.,REFUTED,science,easy,https://huggingface.co/datasets/scifact,source_dataset=scifact;config=claims;split=train
scifact-568,"In a naive state, blocking Wingless-Int-1 secretion from mouse embryonic stem cells inhibits self-renewal of the mouse embryonic stem cells.",SUPPORTED,science,medium,https://huggingface.co/datasets/scifact,source_dataset=scifact;config=claims;split=train
scifact-108,Amitriptyline is an effective treatment for chronic tension-type headaches.,SUPPORTED,science,easy,https://huggingface.co/datasets/scifact,source_dataset=scifact;config=claims;split=train
scifact-841,Natriuretic peptides protect against diabetes.,SUPPORTED,science,easy,https://huggingface.co/datasets/scifact,source_dataset=scifact;config=claims;split=train
scifact-1105,Students who perform poorly in the early years of medical school are at increased risk for professional misconduct later in their careers.,SUPPORTED,science,hard,https://huggingface.co/datasets/scifact,source_dataset=scifact;config=claims;split=train
scifact-346,Differentiation of progenitor cells to myeloid cells is skewed upon activation of insulin signaling.,REFUTED,science,medium,https://huggingface.co/datasets/scifact,source_dataset=scifact;config=claims;split=train
scifact-225,Cancer-associated fibroblasts (CAFs) have no known interaction with cancer cells in the formation and activation of CAFs.,NEI,science,medium,https://huggingface.co/datasets/scifact,source_dataset=scifact;config=claims;split=train
scifact-902,PD-1 triggering on monocytes enhances IL-10 production by monocytes.,SUPPORTED,science,easy,https://huggingface.co/datasets/scifact,source_dataset=scifact;config=claims;split=train
scifact-1126,Systemic immunosuppressive (IS) therapy increases the chance of cancer mortality in patients with inflammatory eye disease (IED),REFUTED,science,medium,https://huggingface.co/datasets/scifact,source_dataset=scifact;config=claims;split=train
scifact-1231,The minor G allele of FOXO3 is related to less severe symptoms of Crohn's Disease.,SUPPORTED,science,medium,https://huggingface.co/datasets/scifact,source_dataset=scifact;config=claims;split=train
scifact-499,HbA1c consistently overestimates glycemic control in black individuals with Sickle cell trait (SCT).,REFUTED,science,medium,https://huggingface.co/datasets/scifact,source_dataset=scifact;config=claims;split=train
scifact-161,Bacteriophagaes MS2 and Qβ are members of the Leviviridae.,NEI,science,easy,https://huggingface.co/datasets/scifact,source_dataset=scifact;config=claims;split=train
scifact-1001,R2D2 stops miRNA production by increasing the selectivity of Dcr2 for long dsRNA.,NEI,science,medium,https://huggingface.co/datasets/scifact,source_dataset=scifact;config=claims;split=train
scifact-78,Active caspase-11 participate in regulating phagosome-lysosome fusion.,SUPPORTED,science,easy,https://huggingface.co/datasets/scifact,source_dataset=scifact;config=claims;split=train
scifact-595,Incidence of sepsis has fallen substantially from 2009 to 2014.,REFUTED,science,easy,https://huggingface.co/datasets/scifact,source_dataset=scifact;config=claims;split=train
scifact-790,Microglia are an innate immune cell type of the peripheral nervous system.,REFUTED,science,medium,https://huggingface.co/datasets/scifact,source_dataset=scifact;config=claims;split=train
scifact-997,Pyridostatin induces double-strand breaks accumulation.,SUPPORTED,science,easy,https://huggingface.co/datasets/scifact,source_dataset=scifact;config=claims;split=train
scifact-356,Dscam1 acts as a hypervariable pattern-recognition receptor for the immune system.,SUPPORTED,science,medium,https://huggingface.co/datasets/scifact,source_dataset=scifact;config=claims;split=train
scifact-334,Depletion of nitric oxide is responsible for vasospasm.,SUPPORTED,science,easy,https://huggingface.co/datasets/scifact,source_dataset=scifact;config=claims;split=train
scifact-40,"A diminished ovarian reserve is a very strong indicator of infertility, even in an a priori non-infertile population.",REFUTED,science,medium,https://huggingface.co/datasets/scifact,source_dataset=scifact;config=claims;split=train
scifact-954,Pioglitazone use is significantly associated with an increased risk of prostate cancer.,SUPPORTED,science,medium,https://huggingface.co/datasets/scifact,source_dataset=scifact;config=claims;split=train
scifact-220,Ca2+ cycling controls whole-body energy homeostasis in beige fat.,SUPPORTED,science,easy,https://huggingface.co/datasets/scifact,source_dataset=scifact;config=claims;split=train
scifact-39,A diminished ovarian reserve does not solely indicate infertility in an a priori non-infertile population.,SUPPORTED,science,medium,https://huggingface.co/datasets/scifact,source_dataset=scifact;config=claims;split=train
scifact-1091,Sn is present on mature DCs during inflammation in vivo.,NEI,science,easy,https://huggingface.co/datasets/scifact,source_dataset=scifact;config=claims;split=train
scifact-897,Overexpressing Cnp1 N-tail variants rescues the temperature-sensitive growth defect of scm3-139.,NEI,science,medium,https://huggingface.co/datasets/scifact,source_dataset=scifact;config=claims;split=train
scifact-1323,Treatment with a protein named FN impairs regenerative abilities of aged muscles.,REFUTED,science,medium,https://huggingface.co/datasets/scifact,source_dataset=scifact;config=claims;split=train
scifact-602,Increase of p62 in prostate tumor stroma results in defective autophagy.,NEI,science,medium,https://huggingface.co/datasets/scifact,source_dataset=scifact;config=claims;split=train
scifact-434,Foxp3 enables the expression of transcriptional regulators implicated in memory T cell development.,NEI,science,medium,https://huggingface.co/datasets/scifact,source_dataset=scifact;config=claims;split=train
scifact-746,MafA phosphorylation enhances its ubiquitination.,SUPPORTED,science,easy,https://huggingface.co/datasets/scifact,source_dataset=scifact;config=claims;split=train
scifact-885,One in five surgical randomized controlled trials are discontinued early.,SUPPORTED,science,easy,https://huggingface.co/datasets/scifact,source_dataset=scifact;config=claims;split=train
scifact-265,Clathrin stabilizes the spindle fiber apparatus during mitosis.,SUPPORTED,science,easy,https://huggingface.co/datasets/scifact,source_dataset=scifact;config=claims;split=train
scifact-704,Long - range chromatin interactions regulate transcription.,NEI,science,easy,https://huggingface.co/datasets/scifact,source_dataset=scifact;config=claims;split=train
scifact-1181,The RANK-RANK-Ligand (RANKL) pathway is involved in the development of Aire-expressing medullary thymic epithelial cells (mTECs).,SUPPORTED,science,medium,https://huggingface.co/datasets/scifact,source_dataset=scifact;config=claims;split=train
scifact-803,Monoclonal antibody targeting of N-cadherin inhibits castration resistance.,SUPPORTED,science,easy,https://huggingface.co/datasets/scifact,source_dataset=scifact;config=claims;split=train
scifact-669,Klf4 is not required for proper myeloid cell differentiation.,REFUTED,science,easy,https://huggingface.co/datasets/scifact,source_dataset=scifact;config=claims;split=train
scifact-1305,Tirasemtiv targets fast-twitch muscle.,SUPPORTED,science,easy,https://huggingface.co/datasets/scifact,source_dataset=scifact;config=claims;split=train
scifact-488,HAND2 methylation is a key step in early endometrial carcinogenesis.,SUPPORTED,science,easy,https://huggingface.co/datasets/scifact,source_dataset=scifact;config=claims;split=train
scifact-1393,miRNAs enforce homeostasis by suppressing low-level ''leaky'' transcription.,SUPPORTED,science,easy,https://huggingface.co/datasets/scifact,source_dataset=scifact;config=claims;split=train
scifact-400,Exposure to fine particulate air pollution is unrelated to anxiety prevalence.,REFUTED,science,medium,https://huggingface.co/datasets/scifact,source_dataset=scifact;config=claims;split=train
scifact-1311,"Trans-acting factors, such as lncRNAs, influence mRNA translation.",SUPPORTED,science,easy,https://huggingface.co/datasets/scifact,source_dataset=scifact;config=claims;split=train
scifact-155,BCL-2 activation antagonizes the apoptotic effects of c-Myc.,SUPPORTED,science,easy,https://huggingface.co/datasets/scifact,source_dataset=scifact;config=claims;split=train
scifact-472,Glucose restriction to 0.05% reduces RLS (replicative life span) by 20-40% in S. cerevisiae.,NEI,science,medium,https://huggingface.co/datasets/scifact,source_dataset=scifact;config=claims;split=train
scifact-650,Integrating classroom-based collaborative learning with Web-based collaborative learning offers the best class performance.,NEI,science,medium,https://huggingface.co/datasets/scifact,source_dataset=scifact;config=claims;split=train
scifact-1269,The risk of female prisoners harming themselves is ten times that of male prisoners.,SUPPORTED,science,medium,https://huggingface.co/datasets/scifact,source_dataset=scifact;config=claims;split=train
scifact-144,Autologous transplantation of mesenchymal stem cells has better graft function than induction therapy with anti-interleukin-2 receptor antibodies.,SUPPORTED,science,medium,https://huggingface.co/datasets/scifact,source_dataset=scifact;config=claims;split=train
scifact-1181,The RANK-RANK-Ligand (RANKL) pathway is involved in the development of Aire-expressing medullary thymic epithelial cells (mTECs).,SUPPORTED,science,medium,https://huggingface.co/datasets/scifact,source_dataset=scifact;config=claims;split=train
scifact-928,Patients with microcytosis and higher erythrocyte count are more vulnerable to severe malarial anaemia when infected with Plasmodium falciparum.,REFUTED,science,medium,https://huggingface.co/datasets/scifact,source_dataset=scifact;config=claims;split=train
scifact-1170,The NF-κB essential modulator gene induces intestinal inflammation by promoting receptor-interacting protein (RIP) kinase 1 kinase activity-mediated epithelial cell death.,REFUTED,science,medium,https://huggingface.co/datasets/scifact,source_dataset=scifact;config=claims;split=train
scifact-12,40mg/day dosage of folic acid and 2mg/day dosage of vitamin B12 does not affect chronic kidney disease (CKD) progression.,SUPPORTED,science,medium,https://huggingface.co/datasets/scifact,source_dataset=scifact;config=claims;split=train
scifact-1070,Self-advocacy training is effective at decreasing homelessness.,NEI,science,easy,https://huggingface.co/datasets/scifact,source_dataset=scifact;config=claims;split=train
scifact-93,Aggravated inflammation is dependent on NLRP3 inflammasome activation.,SUPPORTED,science,easy,https://huggingface.co/datasets/scifact,source_dataset=scifact;config=claims;split=train
scifact-187,British male students are bullied more than British female students.,NEI,science,easy,https://huggingface.co/datasets/scifact,source_dataset=scifact;config=claims;split=train
scifact-108,Amitriptyline is an effective treatment for chronic tension-type headaches.,SUPPORTED,science,easy,https://huggingface.co/datasets/scifact,source_dataset=scifact;config=claims;split=train
scifact-758,Marmosets have a brain region homologous to Broca's area.,NEI,science,easy,https://huggingface.co/datasets/scifact,source_dataset=scifact;config=claims;split=train
scifact-104,Allogeneic mechanical circulatory support is not as effective as autologous mechanical circulatory support for treating acute myocardial infarction.,REFUTED,science,medium,https://huggingface.co/datasets/scifact,source_dataset=scifact;config=claims;split=train
scifact-647,Integrated care is ineffective at tackling multiple comorbidities.,REFUTED,science,easy,https://huggingface.co/datasets/scifact,source_dataset=scifact;config=claims;split=train
scifact-149,Autophagy deficiency in the liver increases vulnerability to insulin resistance.,REFUTED,science,easy,https://huggingface.co/datasets/scifact,source_dataset=scifact;config=claims;split=train
scifact-506,Helminths interfere with immune system control of coinfections by microbial pathogens 16.,SUPPORTED,science,medium,https://huggingface.co/datasets/scifact,source_dataset=scifact;config=claims;split=train
scifact-1380,Women with a lower birth weight are more likely to develop breast cancer later in life.,REFUTED,science,medium,https://huggingface.co/datasets/scifact,source_dataset=scifact;config=claims;split=train
scifact-669,Klf4 is not required for proper myeloid cell differentiation.,REFUTED,science,easy,https://huggingface.co/datasets/scifact,source_dataset=scifact;config=claims;split=train
scifact-339,Dexamethasone increases risk of postoperative bleeding.,SUPPORTED,science,easy,https://huggingface.co/datasets/scifact,source_dataset=scifact;config=claims;split=train
scifact-1102,Stiff substrates inhibit mesodermal differentiation by degrading beta-catenin in an integrin-dependent manner.,SUPPORTED,science,medium,https://huggingface.co/datasets/scifact,source_dataset=scifact;config=claims;split=train
scifact-504,Healthy volunteers exhibit rapid and transient increase of cellular ATP after being bolus-injected with fructose.,REFUTED,science,medium,https://huggingface.co/datasets/scifact,source_dataset=scifact;config=claims;split=train
scifact-1055,Risk-adjusted mortality rates are similar in teaching and non-teaching hospitals.,SUPPORTED,science,easy,https://huggingface.co/datasets/scifact,source_dataset=scifact;config=claims;split=train
scifact-962,Post-transcriptional handling of mitochondrial transcripts occurs in mitochondrial RNA granules.,SUPPORTED,science,easy,https://huggingface.co/datasets/scifact,source_dataset=scifact;config=claims;split=train
scifact-603,Increased LDL receptors plays a role in the reduction of plasma Lp(a).,SUPPORTED,science,medium,https://huggingface.co/datasets/scifact,source_dataset=scifact;config=claims;split=train
scifact-1210,The density of cytokine receptor bearing cells affects the distance over which cytokines act.,SUPPORTED,science,medium,https://huggingface.co/datasets/scifact,source_dataset=scifact;config=claims;split=train
scifact-979,Progerin induces premature aging in stem cells.,SUPPORTED,science,easy,https://huggingface.co/datasets/scifact,source_dataset=scifact;config=claims;split=train
scifact-1347,"Upon viral challenge, influenza-specific memory CD4+ T cells greatly diminish the early production of inflammatory chemokines in the lung.",REFUTED,science,medium,https://huggingface.co/datasets/scifact,source_dataset=scifact;config=claims;split=train
scifact-414,Female carriers of the Apolipoprotein E4 (APOE4) allele have increased risk for Alzheimer's disease.,SUPPORTED,science,medium,https://huggingface.co/datasets/scifact,source_dataset=scifact;config=claims;split=train
scifact-305,DRD1 proteins enable Pol V transcription in vivo.,SUPPORTED,science,easy,https://huggingface.co/datasets/scifact,source_dataset=scifact;config=claims;split=train
scifact-397,Exercise reduces cancer mortality rates among Chinese citizens.,SUPPORTED,science,easy,https://huggingface.co/datasets/scifact,source_dataset=scifact;config=claims;split=train
scifact-565,"In S. cerevisiae, the absence of RNA surveillance pathways causes sensitivity to high iron conditions.",SUPPORTED,science,medium,https://huggingface.co/datasets/scifact,source_dataset=scifact;config=claims;split=train
scifact-1011,Radioiodine treatment of non-toxic multinodular goitre increases thyroid volume.,REFUTED,science,easy,https://huggingface.co/datasets/scifact,source_dataset=scifact;config=claims;split=train
scifact-98,Alirocumab treatment reduces apo(a) fractional clearance rate.,REFUTED,science,easy,https://huggingface.co/datasets/scifact,source_dataset=scifact;config=claims;split=train
scifact-391,Ethanol stress increases the expression of SRL in bacteria.,NEI,science,easy,https://huggingface.co/datasets/scifact,source_dataset=scifact;config=claims;split=train
scifact-1401,qSOFA scores are associated with length of stay in emergency department patients.,NEI,science,medium,https://huggingface.co/datasets/scifact,source_dataset=scifact;config=claims;split=train
scifact-867,Oat tolerant coeliac patients may have oat specific inflammatory cells in their small bowel mucosa.,SUPPORTED,science,medium,https://huggingface.co/datasets/scifact,source_dataset=scifact;config=claims;split=train
scifact-120,Antidepressants reduce the severity of migraines.,SUPPORTED,science,easy,https://huggingface.co/datasets/scifact,source_dataset=scifact;config=claims;split=train
scifact-1315,Transcription rates in S. cerevisiae range between 7 and 12 kb/min.,NEI,science,medium,https://huggingface.co/datasets/scifact,source_dataset=scifact;config=claims;split=train
scifact-1308,Tonic signaling from the scFv is amplified by MyD88/CD40.,NEI,science,easy,https://huggingface.co/datasets/scifact,source_dataset=scifact;config=claims;split=train
scifact-251,Chenodeoxycholic acid treatment increases brown adipose tissue activity.,SUPPORTED,science,easy,https://huggingface.co/datasets/scifact,source_dataset=scifact;config=claims;split=train
scifact-505,Helicobacter pylori-induced aberrant NF-kB-dependent expression of activation-induced cytidine deaminase contributes to the mutagenesis of host DNA.,SUPPORTED,science,medium,https://huggingface.co/datasets/scifact,source_dataset=scifact;config=claims;split=train
scifact-751,Major vault protein (MVP) leads to more aggressive tumors by regulating the sorting of tumor suppressive miR-193a into extracellular vesicles (EVs).,SUPPORTED,science,hard,https://huggingface.co/datasets/scifact,source_dataset=scifact;config=claims;split=train
scifact-655,Intra-cerebroventricular infusion of amyloid-β oligomers reduces expression of fibronectin type-III domain-containing protein 5 mRNA in mice hippocampi.,NEI,science,medium,https://huggingface.co/datasets/scifact,source_dataset=scifact;config=claims;split=train
scifact-710,Long chain polyunsaturated fatty acids supplementation reduces wheezing and asthma.,NEI,science,easy,https://huggingface.co/datasets/scifact,source_dataset=scifact;config=claims;split=train
scifact-398,Exhaustion of B cells contributes to poor Ab response in HIV-infected individuals.,NEI,science,medium,https://huggingface.co/datasets/scifact,source_dataset=scifact;config=claims;split=train
scifact-1254,The proliferative capacity of neural progenitors differs across species.,SUPPORTED,science,easy,https://huggingface.co/datasets/scifact,source_dataset=scifact;config=claims;split=train
scifact-178,Birth-weight is negatively associated with breast cancer.,REFUTED,science,easy,https://huggingface.co/datasets/scifact,source_dataset=scifact;config=claims;split=train
scifact-1328,Tuberculosis-induced granulomas express different immune system protein signatures than the surrounding tissue.,SUPPORTED,science,medium,https://huggingface.co/datasets/scifact,source_dataset=scifact;config=claims;split=train
scifact-724,Ly49Q directs the organization of neutrophil polarization by regulating membrane raft functions.,SUPPORTED,science,medium,https://huggingface.co/datasets/scifact,source_dataset=scifact;config=claims;split=train
scifact-1005,RANK-RANKL pathway signalling is linked to development of Aire-expressing medullary thymic epithelial cells.,SUPPORTED,science,medium,https://huggingface.co/datasets/scifact,source_dataset=scifact;config=claims;split=train
scifact-199,CCL19 is predominantly present within dLNs.,NEI,science,easy,https://huggingface.co/datasets/scifact,source_dataset=scifact;config=claims;split=train
scifact-336,Destination container port throughput(CPT) is negatively related to dengue virus (DENV-1) diffusion in air traffic shipments.,NEI,science,medium,https://huggingface.co/datasets/scifact,source_dataset=scifact;config=claims;split=train
scifact-896,Overexpressing Cnp1 N-tail variants exacerbates the temperature-sensitive growth defect of scm3-139.,NEI,science,medium,https://huggingface.co/datasets/scifact,source_dataset=scifact;config=claims;split=train
scifact-570,"In breast cancer, the loss of myoepithelial cells promotes the transition of ductal carcinoma in situ to invasive carcinoma.",SUPPORTED,science,medium,https://huggingface.co/datasets/scifact,source_dataset=scifact;config=claims;split=train
scifact-531,Human embryonic stem cells have the capacity to give rise to differentiated progeny representative of all three embryonic germ layers.,SUPPORTED,science,medium,https://huggingface.co/datasets/scifact,source_dataset=scifact;config=claims;split=train
scifact-378,Energy balance requires hypothalamic glutamate neurotransmission.,SUPPORTED,science,easy,https://huggingface.co/datasets/scifact,source_dataset=scifact;config=claims;split=train
scifact-221,Ca2+ cycling is a UCP1-dependent thermogenic mechanism.,REFUTED,science,easy,https://huggingface.co/datasets/scifact,source_dataset=scifact;config=claims;split=train
scifact-108,Amitriptyline is an effective treatment for chronic tension-type headaches.,SUPPORTED,science,easy,https://huggingface.co/datasets/scifact,source_dataset=scifact;config=claims;split=train
scifact-1184,The US health care system can save up to $5 billion if 7% of patients waiting for kidney transplants participate in the optimized national kidney paired donation program.,REFUTED,science,hard,https://huggingface.co/datasets/scifact,source_dataset=scifact;config=claims;split=train
scifact-1106,Students who perform poorly in the early years of medical school are less likely to commit professional misconduct later in their careers.,REFUTED,science,hard,https://huggingface.co/datasets/scifact,source_dataset=scifact;config=claims;split=train
scifact-1394,miRNAs regulate a unique suite of mRNAs to maintain homeostasis in cells.,NEI,science,medium,https://huggingface.co/datasets/scifact,source_dataset=scifact;config=claims;split=train
scifact-1045,Rhythmic expression of Cry1 translates directly into a circadian regulation of cAMP signaling in hepatic glucose metabolism.,SUPPORTED,science,medium,https://huggingface.co/datasets/scifact,source_dataset=scifact;config=claims;split=train
scifact-624,Induced hepatic stem cells possess the potential to differentiate into cholangiocytic cells.,SUPPORTED,science,medium,https://huggingface.co/datasets/scifact,source_dataset=scifact;config=claims;split=train
scifact-267,Cognitive behavioral therapy is an ineffective treatment for insomnia,REFUTED,science,easy,https://huggingface.co/datasets/scifact,source_dataset=scifact;config=claims;split=train
scifact-382,Environmentally-induced senescence is mimicked in disease modeling by adding specific molecules to the culture system.,SUPPORTED,science,medium,https://huggingface.co/datasets/scifact,source_dataset=scifact;config=claims;split=train
scifact-1246,The one-child policy has created a hospitable environment for female infants.,REFUTED,science,medium,https://huggingface.co/datasets/scifact,source_dataset=scifact;config=claims;split=train
scifact-264,Citrullinated proteins externalized in neutrophil extracellular traps act indirectly to perpetuate the inflammatory cycle via induction of autoantibodies.,SUPPORTED,science,medium,https://huggingface.co/datasets/scifact,source_dataset=scifact;config=claims;split=train
scifact-884,Omnivores produce more trimethylamine N-oxide from dietary I-carnitine than vegetarians.,SUPPORTED,science,easy,https://huggingface.co/datasets/scifact,source_dataset=scifact;config=claims;split=train
scifact-980,Propriospinal interneurons that play a role in the plastic reorganization of spinal circuits are integral for recovery from spinal cord injury.,SUPPORTED,science,hard,https://huggingface.co/datasets/scifact,source_dataset=scifact;config=claims;split=train
scifact-825,N348I mutations reduce resistance to nevirapine.,REFUTED,science,easy,https://huggingface.co/datasets/scifact,source_dataset=scifact;config=claims;split=train
scifact-500,Headaches are correlated with cognitive impairment.,REFUTED,science,easy,https://huggingface.co/datasets/scifact,source_dataset=scifact;config=claims;split=train
scifact-1162,The DdrB protein from Deinococcus radiodurans functions as a pentamer.,SUPPORTED,science,easy,https://huggingface.co/datasets/scifact,source_dataset=scifact;config=claims;split=train
scifact-996,Pyridostatin induces checkpoint activation.,SUPPORTED,science,easy,https://huggingface.co/datasets/scifact,source_dataset=scifact;config=claims;split=train
scifact-390,Ethanol stress increases the expression of PSP in bacteria.,NEI,science,easy,https://huggingface.co/datasets/scifact,source_dataset=scifact;config=claims;split=train
scifact-782,Mice without IFN-γ or its receptor are highly susceptible to EAM induced with α-MyHC/CFA.,SUPPORTED,science,medium,https://huggingface.co/datasets/scifact,source_dataset=scifact;config=claims;split=train
scifact-1214,The deregulated and prolonged activation of monocytes improves inflammatory disease outcomes.,NEI,science,medium,https://huggingface.co/datasets/scifact,source_dataset=scifact;config=claims;split=train
scifact-98,Alirocumab treatment reduces apo(a) fractional clearance rate.,REFUTED,science,easy,https://huggingface.co/datasets/scifact,source_dataset=scifact;config=claims;split=train
scifact-292,Cost effectiveness evaluations based on cRCT data lack external validity.,SUPPORTED,science,easy,https://huggingface.co/datasets/scifact,source_dataset=scifact;config=claims;split=train
scifact-798,Mitochondria play a trivial role in calcium homeostasis.,REFUTED,science,easy,https://huggingface.co/datasets/scifact,source_dataset=scifact;config=claims;split=train
scifact-1003,RAD52 is involved in break-induced DNA replication (BIR).,SUPPORTED,science,easy,https://huggingface.co/datasets/scifact,source_dataset=scifact;config=claims;split=train
scifact-737,MICAL redox enzymes regulate actin dynamics in many cell types.,SUPPORTED,science,easy,https://huggingface.co/datasets/scifact,source_dataset=scifact;config=claims;split=train
scifact-506,Helminths interfere with immune system control of coinfections by microbial pathogens 16.,SUPPORTED,science,medium,https://huggingface.co/datasets/scifact,source_dataset=scifact;config=claims;split=train
scifact-973,Primary cervical cytology screening with HPV detection has higher longitudinal sensitivity to detect severe cervical intraepithelial neoplasia than conventional cytology.,SUPPORTED,science,medium,https://huggingface.co/datasets/scifact,source_dataset=scifact;config=claims;split=train
scifact-668,Klf4 is important for proper myeloid cell differentiation.,SUPPORTED,science,easy,https://huggingface.co/datasets/scifact,source_dataset=scifact;config=claims;split=train
scifact-1035,Removal of H3K9me3 by ectopic expression of other H3K9 demethylases improves reprogramming efficiency in SCNT experiments.,SUPPORTED,science,medium,https://huggingface.co/datasets/scifact,source_dataset=scifact;config=claims;split=train
scifact-149,Autophagy deficiency in the liver increases vulnerability to insulin resistance.,REFUTED,science,easy,https://huggingface.co/datasets/scifact,source_dataset=scifact;config=claims;split=train
scifact-178,Birth-weight is negatively associated with breast cancer.,REFUTED,science,easy,https://huggingface.co/datasets/scifact,source_dataset=scifact;config=claims;split=train
scifact-122,Antimicrobial agents are more effective due to the pressure of antimicrobial usage.,REFUTED,science,medium,https://huggingface.co/datasets/scifact,source_dataset=scifact;config=claims;split=train
scifact-909,PKG-la does not have a large impact on expression of pain hypersensitivity in PGK-la knockout mice.,REFUTED,science,medium,https://huggingface.co/datasets/scifact,source_dataset=scifact;config=claims;split=train
scifact-940,Pharmacist attendance at ward rounds increases adverse events in wards.,REFUTED,science,easy,https://huggingface.co/datasets/scifact,source_dataset=scifact;config=claims;split=train
scifact-737,MICAL redox enzymes regulate actin dynamics in many cell types.,SUPPORTED,science,easy,https://huggingface.co/datasets/scifact,source_dataset=scifact;config=claims;split=train
scifact-1178,The PRR MDA5 has a C-terminal domain.,NEI,science,easy,https://huggingface.co/datasets/scifact,source_dataset=scifact;config=claims;split=train
scifact-1381,YAP/TAZ is required in intestinal regeneration in mouse models of ulcerative colitis.,SUPPORTED,science,medium,https://huggingface.co/datasets/scifact,source_dataset=scifact;config=claims;split=train
scifact-941,Pharmacist attendance at ward rounds reduces adverse events in wards.,SUPPORTED,science,easy,https://huggingface.co/datasets/scifact,source_dataset=scifact;config=claims;split=train
scifact-752,Major vault protein regulates sorting of tumor suppressive miR-193a into EVs.,SUPPORTED,science,medium,https://huggingface.co/datasets/scifact,source_dataset=scifact;config=claims;split=train
scifact-1230,The minor G allele of FOXO3 downregulates pro-inflammatory cytokines.,SUPPORTED,science,easy,https://huggingface.co/datasets/scifact,source_dataset=scifact;config=claims;split=train
scifact-1181,The RANK-RANK-Ligand (RANKL) pathway is involved in the development of Aire-expressing medullary thymic epithelial cells (mTECs).,SUPPORTED,science,medium,https://huggingface.co/datasets/scifact,source_dataset=scifact;config=claims;split=train
scifact-177,Binding of p53 to enhancer regions (p53BERs) regulates the activity of p53 transcription and cell cycle arrest through the production of p53-dependent eRNAs.,SUPPORTED,science,hard,https://huggingface.co/datasets/scifact,source_dataset=scifact;config=claims;split=train
scifact-863,Notch signaling occurs between tumor cells and stromal cells.,SUPPORTED,science,easy,https://huggingface.co/datasets/scifact,source_dataset=scifact;config=claims;split=train
scifact-371,Egr3 regulates the homeostasis of B and T cells.,SUPPORTED,science,easy,https://huggingface.co/datasets/scifact,source_dataset=scifact;config=claims;split=train
scifact-917,PTEN is a regulator for the transcriptional activity of SRF,SUPPORTED,science,easy,https://huggingface.co/datasets/scifact,source_dataset=scifact;config=claims;split=train
scifact-1145,Taxation of sugar-sweetened beverages reduced the incidence rate of type II diabetes in India.,SUPPORTED,science,medium,https://huggingface.co/datasets/scifact,source_dataset=scifact;config=claims;split=train
scifact-258,"Cholesterol loading induces KLF4 expression in VSMCs, resulting in the expression of pro-inflammatory cytokines.",SUPPORTED,science,medium,https://huggingface.co/datasets/scifact,source_dataset=scifact;config=claims;split=train
scifact-601,Including pharmacists in rounding teams reduces the incidence of adverse drug events (ADEs).,SUPPORTED,science,medium,https://huggingface.co/datasets/scifact,source_dataset=scifact;config=claims;split=train
scifact-1101,Stiff substrates encourage mesodermal differentiation by degrading beta-catenin in an integrin-dependent manner.,REFUTED,science,medium,https://huggingface.co/datasets/scifact,source_dataset=scifact;config=claims;split=train
scifact-778,Mice lacking Sirt1 in Sf1-expressing neurons are immune to diet-induced obesity and insulin resistance.,REFUTED,science,medium,https://huggingface.co/datasets/scifact,source_dataset=scifact;config=claims;split=train
scifact-1181,The RANK-RANK-Ligand (RANKL) pathway is involved in the development of Aire-expressing medullary thymic epithelial cells (mTECs).,SUPPORTED,science,medium,https://huggingface.co/datasets/scifact,source_dataset=scifact;config=claims;split=train
scifact-1356,Vaccinating the gastrointestinal tract induces protection of rectal and vaginal mucosa.,SUPPORTED,science,medium,https://huggingface.co/datasets/scifact,source_dataset=scifact;config=claims;split=train
scifact-43,A low percentage of hematopoietic progenitor cells are susceptible to HIV-1 infection ex vivo.,NEI,science,medium,https://huggingface.co/datasets/scifact,source_dataset=scifact;config=claims;split=train
scifact-654,Intra-cerebroventricular infusion of amyloid-β oligomers increases expression of fibronectin type-III domain-containing protein 5 mRNA in mice hippocampi.,NEI,science,medium,https://huggingface.co/datasets/scifact,source_dataset=scifact;config=claims;split=train
scifact-679,LSD1-positive promoters are associated with RNA polymerase II,NEI,science,easy,https://huggingface.co/datasets/scifact,source_dataset=scifact;config=claims;split=train
scifact-119,Antidepressants increase the severity of migraines.,REFUTED,science,easy,https://huggingface.co/datasets/scifact,source_dataset=scifact;config=claims;split=train
scifact-978,Pro-inflammatory cytokines are up repressed during tumor development.,NEI,science,easy,https://huggingface.co/datasets/scifact,source_dataset=scifact;config=claims;split=train
scifact-1145,Taxation of sugar-sweetened beverages reduced the incidence rate of type II diabetes in India.,SUPPORTED,science,medium,https://huggingface.co/datasets/scifact,source_dataset=scifact;config=claims;split=train
scifact-1018,Rapid phosphotransfer rates are correlated with histidine kinase regulator specificity.,SUPPORTED,science,easy,https://huggingface.co/datasets/scifact,source_dataset=scifact;config=claims;split=train
scifact-1112,Sudden death can occur in patients with orthostatic hypertension without cardiac conduction abnormalities.,NEI,science,medium,https://huggingface.co/datasets/scifact,source_dataset=scifact;config=claims;split=train
scifact-394,Excess gestational weight gain is associated with obesity-related pregnancy outcomes.,SUPPORTED,science,easy,https://huggingface.co/datasets/scifact,source_dataset=scifact;config=claims;split=train
scifact-940,Pharmacist attendance at ward rounds increases adverse events in wards.,REFUTED,science,easy,https://huggingface.co/datasets/scifact,source_dataset=scifact;config=claims;split=train
scifact-614,Increased microtubule acetylation repairs interference of axonal transport caused by LRRK2 Roc-COR domain mutations.,SUPPORTED,science,medium,https://huggingface.co/datasets/scifact,source_dataset=scifact;config=claims;split=train
scifact-259,Chronic HIV stimulation of B cells leads to the premature exhaustion of B cells.,NEI,science,medium,https://huggingface.co/datasets/scifact,source_dataset=scifact;config=claims;split=train
scifact-1193,"The appearance of brown-like or beige cells primarily occurs in visceral fat, not subcutaneous fat.",NEI,science,medium,https://huggingface.co/datasets/scifact,source_dataset=scifact;config=claims;split=train
scifact-423,Folate and vitamin B12 levels influence the association between homocysteine and preeclampsia.,NEI,science,medium,https://huggingface.co/datasets/scifact,source_dataset=scifact;config=claims;split=train
scifact-306,DUSP4 decreases apoptosis.,REFUTED,science,easy,https://huggingface.co/datasets/scifact,source_dataset=scifact;config=claims;split=train
scifact-571,"In breast cancer, the loss of myoepithelial cells slows the transition of ductal carcinoma in situ to invasive carcinoma.",REFUTED,science,medium,https://huggingface.co/datasets/scifact,source_dataset=scifact;config=claims;split=train
scifact-1170,The NF-κB essential modulator gene induces intestinal inflammation by promoting receptor-interacting protein (RIP) kinase 1 kinase activity-mediated epithelial cell death.,REFUTED,science,medium,https://huggingface.co/datasets/scifact,source_dataset=scifact;config=claims;split=train
scifact-955,Pioneer factor OCT3/4 interacts with major chromatin remodeling factors.,SUPPORTED,science,easy,https://huggingface.co/datasets/scifact,source_dataset=scifact;config=claims;split=train
scifact-1055,Risk-adjusted mortality rates are similar in teaching and non-teaching hospitals.,SUPPORTED,science,easy,https://huggingface.co/datasets/scifact,source_dataset=scifact;config=claims;split=train
scifact-1342,Understanding epigenetic regulation of replication is essential for the reational design of episomally replicating vectors.,NEI,science,medium,https://huggingface.co/datasets/scifact,source_dataset=scifact;config=claims;split=train
scifact-550,ITAM phosphorylation allows for the transfer of the T cell receptor (TCR) signal from the echo-domain to the cytoplasmic tail of the T cell receptor (TCR).,NEI,science,hard,https://huggingface.co/datasets/scifact,source_dataset=scifact;config=claims;split=train
scifact-893,Osteocytes have an essential role in G-CSF induced HSPC mobilization.,SUPPORTED,science,easy,https://huggingface.co/datasets/scifact,source_dataset=scifact;config=claims;split=train
scifact-1253,The predominant localization of Linc00173 is in mononuclear macrophage nuclei.,NEI,science,easy,https://huggingface.co/datasets/scifact,source_dataset=scifact;config=claims;split=train
scifact-92,Aged patients are more susceptible to ischaemia/reperfusion injury.,NEI,science,easy,https://huggingface.co/datasets/scifact,source_dataset=scifact;config=claims;split=train
scifact-490,HNF4A mutations are associated with macrosomia in infancy.,NEI,science,easy,https://huggingface.co/datasets/scifact,source_dataset=scifact;config=claims;split=train
scifact-1361,Varying expression levels of EBI2 affect the positioning and migration of B cells.,SUPPORTED,science,medium,https://huggingface.co/datasets/scifact,source_dataset=scifact;config=claims;split=train
scifact-524,"Higher plasma levels of I-carnitine, when associated with trimethylamine N-oxide, are positively correlated with cardiovascular events in humans.",SUPPORTED,science,medium,https://huggingface.co/datasets/scifact,source_dataset=scifact;config=claims;split=train
scifact-392,Ethanol stress lowers the expression of PSP in bacteria.,NEI,science,easy,https://huggingface.co/datasets/scifact,source_dataset=scifact;config=claims;split=train
scifact-488,HAND2 methylation is a key step in early endometrial carcinogenesis.,SUPPORTED,science,easy,https://huggingface.co/datasets/scifact,source_dataset=scifact;config=claims;split=train
scifact-106,Ambulatory blood pressure monitoring is inaccurate at diagnosing hypertension.,REFUTED,science,easy,https://huggingface.co/datasets/scifact,source_dataset=scifact;config=claims;split=train
scifact-1333,Two variants of chromosome 6q21 are associated with radiation therapy-induced second malignancies in pediatric Hodgkin lymphoma patients.,SUPPORTED,science,medium,https://huggingface.co/datasets/scifact,source_dataset=scifact;config=claims;split=train
scifact-673,LDL cholesterol has a causal role in the development of cardiovascular disease.,SUPPORTED,science,medium,https://huggingface.co/datasets/scifact,source_dataset=scifact;config=claims;split=train
scifact-18,61% of colorectal cancer patients are diagnosed with regional or distant metastases.,NEI,science,medium,https://huggingface.co/datasets/scifact,source_dataset=scifact;config=claims;split=train
scifact-377,Emodin forms hydrogen bonds with residues involved in PGAM1 substrate binding.,NEI,science,medium,https://huggingface.co/datasets/scifact,source_dataset=scifact;config=claims;split=train
scifact-1028,Reduced responsiveness to interleukin-2 in regulatory T cells is associated with autoimmune diseases such as Type 1 Diabetes.,SUPPORTED,science,medium,https://huggingface.co/datasets/scifact,source_dataset=scifact;config=claims;split=train
scifact-1008,RUNX is not expressed in skin tissue.,NEI,science,easy,https://huggingface.co/datasets/scifact,source_dataset=scifact;config=claims;split=train
scifact-397,Exercise reduces cancer mortality rates among Chinese citizens.,SUPPORTED,science,easy,https://huggingface.co/datasets/scifact,source_dataset=scifact;config=claims;split=train
scifact-648,Integrated care is successful at tackling multiple comorbidities.,SUPPORTED,science,easy,https://huggingface.co/datasets/scifact,source_dataset=scifact;config=claims;split=train
scifact-378,Energy balance requires hypothalamic glutamate neurotransmission.,SUPPORTED,science,easy,https://huggingface.co/datasets/scifact,source_dataset=scifact;config=claims;split=train
scifact-955,Pioneer factor OCT3/4 interacts with major chromatin remodeling factors.,SUPPORTED,science,easy,https://huggingface.co/datasets/scifact,source_dataset=scifact;config=claims;split=train
scifact-114,Anthrax spores are very difficult to dispose once they are dispersed.,SUPPORTED,science,medium,https://huggingface.co/datasets/scifact,source_dataset=scifact;config=claims;split=train
scifact-972,Primary cervical cancer screening with HPV detection has lower longitudinal sensitivity than conventional cytology to detect cervical intraepithelial neoplasia grade 2.,REFUTED,science,hard,https://huggingface.co/datasets/scifact,source_dataset=scifact;config=claims;split=train
scifact-106,Ambulatory blood pressure monitoring is inaccurate at diagnosing hypertension.,REFUTED,science,easy,https://huggingface.co/datasets/scifact,source_dataset=scifact;config=claims;split=train
scifact-266,Cnn1 recruitment varies with cell cycle timing.,SUPPORTED,science,easy,https://huggingface.co/datasets/scifact,source_dataset=scifact;config=claims;split=train
scifact-965,Prescribed exercise training improves quality of life.,SUPPORTED,science,easy,https://huggingface.co/datasets/scifact,source_dataset=scifact;config=claims;split=train
scifact-1375,Weighed food records (WFR) result in poor completion since they're costly to run and impose high participant burden.,NEI,science,medium,https://huggingface.co/datasets/scifact,source_dataset=scifact;config=claims;split=train
scifact-441,G-CSF increases the expansion and infiltration of MDSCs into tumors.,SUPPORTED,science,easy,https://huggingface.co/datasets/scifact,source_dataset=scifact;config=claims;split=train
scifact-401,"Expression of MSX2 is induced 3 hours after the addition of BMP4, which is earlier than T and CDX2.",NEI,science,medium,https://huggingface.co/datasets/scifact,source_dataset=scifact;config=claims;split=train
scifact-355,Drosophila supracellular actomyosin structures are found at boundaries in wing imaginal discs.,SUPPORTED,science,medium,https://huggingface.co/datasets/scifact,source_dataset=scifact;config=claims;split=train
scifact-30,A breast cancer patient's capacity to metabolize tamoxifen influences treatment outcome.,SUPPORTED,science,medium,https://huggingface.co/datasets/scifact,source_dataset=scifact;config=claims;split=train
scifact-927,Patients with common epithelial cancers are less likely to have an emergency event as their first hospital admission if they live in resource-deprived areas.,REFUTED,science,hard,https://huggingface.co/datasets/scifact,source_dataset=scifact;config=claims;split=train
scifact-1376,Whole brain radiotherapy increases the occurrence of new brain metastases.,REFUTED,science,easy,https://huggingface.co/datasets/scifact,source_dataset=scifact;config=claims;split=train
scifact-173,Bcp1 is a chaperone for Rpl23.,NEI,science,easy,https://huggingface.co/datasets/scifact,source_dataset=scifact;config=claims;split=train
scifact-653,Interleukin-18 plays an important role in the pathogenesis of atherosclerosis.,SUPPORTED,science,easy,https://huggingface.co/datasets/scifact,source_dataset=scifact;config=claims;split=train
scifact-177,Binding of p53 to enhancer regions (p53BERs) regulates the activity of p53 transcription and cell cycle arrest through the production of p53-dependent eRNAs.,SUPPORTED,science,hard,https://huggingface.co/datasets/scifact,source_dataset=scifact;config=claims;split=train
scifact-396,Exercise increases cancer mortality rates among Chinese citizens.,REFUTED,science,easy,https://huggingface.co/datasets/scifact,source_dataset=scifact;config=claims;split=train
scifact-1268,The risk of cancer rises with level of alcohol consumption.,SUPPORTED,science,easy,https://huggingface.co/datasets/scifact,source_dataset=scifact;config=claims;split=train
scifact-795,Mitochondria play a major role in apoptosis.,SUPPORTED,science,easy,https://huggingface.co/datasets/scifact,source_dataset=scifact;config=claims;split=train
scifact-1156,The DESMOND program caused substantial weight loss in most participants.,REFUTED,science,easy,https://huggingface.co/datasets/scifact,source_dataset=scifact;config=claims;split=train
scifact-108,Amitriptyline is an effective treatment for chronic tension-type headaches.,SUPPORTED,science,easy,https://huggingface.co/datasets/scifact,source_dataset=scifact;config=claims;split=train
scifact-1372,Walking in traffic areas in London did not improve lung function in elderly adults.,SUPPORTED,science,medium,https://huggingface.co/datasets/scifact,source_dataset=scifact;config=claims;split=train
scifact-120,Antidepressants reduce the severity of migraines.,SUPPORTED,science,easy,https://huggingface.co/datasets/scifact,source_dataset=scifact;config=claims;split=train
scifact-883,Omnivores produce more trimethylamine N-oxide from dietary I-carnitine than vegans.,SUPPORTED,science,easy,https://huggingface.co/datasets/scifact,source_dataset=scifact;config=claims;split=train
scifact-683,Lack of FGF21 in mice slows the rate of atherosclerotic plaque formation.,REFUTED,science,medium,https://huggingface.co/datasets/scifact,source_dataset=scifact;config=claims;split=train
scifact-738,MICAL redox enzymes regulate actin dynamics.,SUPPORTED,science,easy,https://huggingface.co/datasets/scifact,source_dataset=scifact;config=claims;split=train
scifact-1120,Sympathetic nerve activity is reduced throughout normal pregnancy.,REFUTED,science,easy,https://huggingface.co/datasets/scifact,source_dataset=scifact;config=claims;split=train
scifact-724,Ly49Q directs the organization of neutrophil polarization by regulating membrane raft functions.,SUPPORTED,science,medium,https://huggingface.co/datasets/scifact,source_dataset=scifact;config=claims;split=train
scifact-37,A deficiency of vitamin B6 decreases blood levels of homocysteine.,NEI,science,easy,https://huggingface.co/datasets/scifact,source_dataset=scifact;config=claims;split=train
scifact-40,"A diminished ovarian reserve is a very strong indicator of infertility, even in an a priori non-infertile population.",REFUTED,science,medium,https://huggingface.co/datasets/scifact,source_dataset=scifact;config=claims;split=train
scifact-1023,Recognition of start codons depends on the translation initiation factor IF3.,SUPPORTED,science,medium,https://huggingface.co/datasets/scifact,source_dataset=scifact;config=claims;split=train
scifact-1234,The minor G allele of FOXO3 up-regulates IL-10.,SUPPORTED,science,easy,https://huggingface.co/datasets/scifact,source_dataset=scifact;config=claims;split=train
scifact-1223,The innate immune response struggles to remove small numbers of parasites.,REFUTED,science,medium,https://huggingface.co/datasets/scifact,source_dataset=scifact;config=claims;split=train
scifact-58,APOE4 expression in iPSC-derived neurons results in decreased tau phosphorylation.,REFUTED,science,easy,https://huggingface.co/datasets/scifact,source_dataset=scifact;config=claims;split=train
scifact-1328,Tuberculosis-induced granulomas express different immune system protein signatures than the surrounding tissue.,SUPPORTED,science,medium,https://huggingface.co/datasets/scifact,source_dataset=scifact;config=claims;split=train
scifact-26,A 100g dose of chloroquine chemoprophylactic regimen results in retinal toxicity after 1 year of weekly intake.,NEI,science,medium,https://huggingface.co/datasets/scifact,source_dataset=scifact;config=claims;split=train
scifact-925,Patients in stable partnerships progress from HIV to death at the same rate as patients not in partnerships.,REFUTED,science,medium,https://huggingface.co/datasets/scifact,source_dataset=scifact;config=claims;split=train
scifact-1288,There is a positive correlation between hip fractures and statin use.,REFUTED,science,medium,https://huggingface.co/datasets/scifact,source_dataset=scifact;config=claims;split=train
scifact-283,Consumption of whole fruits increases the risk of type 2 diabetes.,REFUTED,science,medium,https://huggingface.co/datasets/scifact,source_dataset=scifact;config=claims;split=train
scifact-480,Gpr124 suppresses BBB breakdown in mouse models of ischemic stroke.,SUPPORTED,science,easy,https://huggingface.co/datasets/scifact,source_dataset=scifact;config=claims;split=train
scifact-323,Deleting Raptor increases G-CSF levels.,NEI,science,easy,https://huggingface.co/datasets/scifact,source_dataset=scifact;config=claims;split=train
scifact-949,Physical injury represses transgultaminase activity.,NEI,science,easy,https://huggingface.co/datasets/scifact,source_dataset=scifact;config=claims;split=train
scifact-375,Elevated cell-free mitochondrial DNA levels are associated with mortality.,SUPPORTED,science,easy,https://huggingface.co/datasets/scifact,source_dataset=scifact;config=claims;split=train
scifact-1157,The DESMOND program demonstrates no significant impact on biochemical outcomes.,SUPPORTED,science,easy,https://huggingface.co/datasets/scifact,source_dataset=scifact;config=claims;split=train
scifact-1119,Sympathetic nerve activity is elevated throughout normal pregnancy.,SUPPORTED,science,easy,https://huggingface.co/datasets/scifact,source_dataset=scifact;config=claims;split=train
scifact-228,Cardiac tissue-resident macrophages directly contribute to electrical activity.,SUPPORTED,science,easy,https://huggingface.co/datasets/scifact,source_dataset=scifact;config=claims;split=train
scifact-369,"Ectopic expression of Sall4, Nanog, Esrrb, and Lin28 generates induced pluripotent stem cells from mouse embryonic fibroblasts more efficiently than other factor combinations.",SUPPORTED,science,hard,https://huggingface.co/datasets/scifact,source_dataset=scifact;config=claims;split=train
scifact-1341,Ultrasound guidance significantly reduces the number of traumatic procedures when attempting needle insertion.,SUPPORTED,science,medium,https://huggingface.co/datasets/scifact,source_dataset=scifact;config=claims;split=train
scifact-292,Cost effectiveness evaluations based on cRCT data lack external validity.,SUPPORTED,science,easy,https://huggingface.co/datasets/scifact,source_dataset=scifact;config=claims;split=train
scifact-1237,The most prevalent adverse events to Semaglutide are cardiovascular.,REFUTED,science,easy,https://huggingface.co/datasets/scifact,source_dataset=scifact;config=claims;split=train
scifact-1294,There is no known interaction between Pioneer factor OCT3/4 and major chromatin remodeling factors.,REFUTED,science,medium,https://huggingface.co/datasets/scifact,source_dataset=scifact;config=claims;split=train
scifact-526,Homozygous deletion of murine Sbds gene from osterix-expressing mesenchymal stem and progenitor cells (MPCs) induces oxidative stress.,NEI,science,medium,https://huggingface.co/datasets/scifact,source_dataset=scifact;config=claims;split=train
scifact-1181,The RANK-RANK-Ligand (RANKL) pathway is involved in the development of Aire-expressing medullary thymic epithelial cells (mTECs).,SUPPORTED,science,medium,https://huggingface.co/datasets/scifact,source_dataset=scifact;config=claims;split=train
scifact-1173,The PDPN gene deactivates the C-type lectin receptor (CLEC-2).,REFUTED,science,easy,https://huggingface.co/datasets/scifact,source_dataset=scifact;config=claims;split=train
scifact-86,Adult tissue-resident macrophages are seeded before birth.,SUPPORTED,science,easy,https://huggingface.co/datasets/scifact,source_dataset=scifact;config=claims;split=train
scifact-653,Interleukin-18 plays an important role in the pathogenesis of atherosclerosis.,SUPPORTED,science,easy,https://huggingface.co/datasets/scifact,source_dataset=scifact;config=claims;split=train
scifact-647,Integrated care is ineffective at tackling multiple comorbidities.,REFUTED,science,easy,https://huggingface.co/datasets/scifact,source_dataset=scifact;config=claims;split=train
scifact-432,Foxk2 regulates autophagy genes in muscle cells and fibroblast cells.,SUPPORTED,science,easy,https://huggingface.co/datasets/scifact,source_dataset=scifact;config=claims;split=train
scifact-30,A breast cancer patient's capacity to metabolize tamoxifen influences treatment outcome.,SUPPORTED,science,medium,https://huggingface.co/datasets/scifact,source_dataset=scifact;config=claims;split=train
scifact-1268,The risk of cancer rises with level of alcohol consumption.,SUPPORTED,science,easy,https://huggingface.co/datasets/scifact,source_dataset=scifact;config=claims;split=train
scifact-822,N348I mutations cause resistance to nevirapine.,SUPPORTED,science,easy,https://huggingface.co/datasets/scifact,source_dataset=scifact;config=claims;split=train
scifact-530,"Human embryonic stem cells give rise to cell types from the outer embryonic germ layer, but not the other two layers.",REFUTED,science,hard,https://huggingface.co/datasets/scifact,source_dataset=scifact;config=claims;split=train
scifact-175,Beta-band coherence is enhanced for visible stimuli over invisible stimuli.,NEI,science,easy,https://huggingface.co/datasets/scifact,source_dataset=scifact;config=claims;split=train
scifact-449,Gastric lavage is an effective treatment for acute paraquat poisoning.,NEI,science,easy,https://huggingface.co/datasets/scifact,source_dataset=scifact;config=claims;split=train
scifact-372,Eilat virus (EILV) produced in mosquitos elicits rapid and long-lasting neutralizing antibodies in nonhuman primates.,SUPPORTED,science,medium,https://huggingface.co/datasets/scifact,source_dataset=scifact;config=claims;split=train
scifact-1254,The proliferative capacity of neural progenitors differs across species.,SUPPORTED,science,easy,https://huggingface.co/datasets/scifact,source_dataset=scifact;config=claims;split=train
scifact-34,A deficiency of folate increases blood levels of homocysteine.,SUPPORTED,science,easy,https://huggingface.co/datasets/scifact,source_dataset=scifact;config=claims;split=train
scifact-1171,The NF-κB essential modulator gene prevents intestinal inflammation by inhibiting receptor-interacting protein (RIP) kinase 1 kinase activity-mediated epithelial cell death.,SUPPORTED,science,medium,https://huggingface.co/datasets/scifact,source_dataset=scifact;config=claims;split=train
scifact-972,Primary cervical cancer screening with HPV detection has lower longitudinal sensitivity than conventional cytology to detect cervical intraepithelial neoplasia grade 2.,REFUTED,science,hard,https://huggingface.co/datasets/scifact,source_dataset=scifact;config=claims;split=train
scifact-310,De novo assembly of sequence data has fewer specific contigs than unassembled sequence data.,NEI,science,medium,https://huggingface.co/datasets/scifact,source_dataset=scifact;config=claims;split=train
scifact-751,Major vault protein (MVP) leads to more aggressive tumors by regulating the sorting of tumor suppressive miR-193a into extracellular vesicles (EVs).,SUPPORTED,science,hard,https://huggingface.co/datasets/scifact,source_dataset=scifact;config=claims;split=train
scifact-562,Improvements in OER catalysts show stable activity over several hundred hours.,SUPPORTED,science,medium,https://huggingface.co/datasets/scifact,source_dataset=scifact;config=claims;split=train
scifact-242,Cellular clocks are not predictive of mitosis timing in NIH 3T3 cells.,REFUTED,science,medium,https://huggingface.co/datasets/scifact,source_dataset=scifact;config=claims;split=train
scifact-626,Induction of urokinase receptor signaling in podocytes causes foot process effacement and proteinuria.,SUPPORTED,science,medium,https://huggingface.co/datasets/scifact,source_dataset=scifact;config=claims;split=train
scifact-857,Nonsteroidal antinflammatory drugs show potential anticancer indications.,SUPPORTED,science,easy,https://huggingface.co/datasets/scifact,source_dataset=scifact;config=claims;split=train
scifact-1058,Roughly 55% of women with chronic pelvic pain have no underlying pathology.,NEI,science,medium,https://huggingface.co/datasets/scifact,source_dataset=scifact;config=claims;split=train
scifact-1120,Sympathetic nerve activity is reduced throughout normal pregnancy.,REFUTED,science,easy,https://huggingface.co/datasets/scifact,source_dataset=scifact;config=claims;split=train
scifact-341,Diabetes remission occurs more in people treated with conventional therapy than in people treated with laparoscopic adjustable gastric banding surgery.,REFUTED,science,medium,https://huggingface.co/datasets/scifact,source_dataset=scifact;config=claims;split=train
scifact-378,Energy balance requires hypothalamic glutamate neurotransmission.,SUPPORTED,science,easy,https://huggingface.co/datasets/scifact,source_dataset=scifact;config=claims;split=train
scifact-1260,The relationship between a breast cancer patient's capacity to metabolize tamoxifen and treatment outcome is independent of the patient's genetic make-up.,REFUTED,science,hard,https://huggingface.co/datasets/scifact,source_dataset=scifact;config=claims;split=train
scifact-1258,The recruitment of Wdr5 to its target loci depends on Kat8.,SUPPORTED,science,medium,https://huggingface.co/datasets/scifact,source_dataset=scifact;config=claims;split=train
scifact-1295,There is no relation between Erythromycin use and hypertrophic pyloric stenosis.,REFUTED,science,medium,https://huggingface.co/datasets/scifact,source_dataset=scifact;config=claims;split=train
scifact-765,Medications to treat obesity do not have side effects.,REFUTED,science,easy,https://huggingface.co/datasets/scifact,source_dataset=scifact;config=claims;split=train
scifact-27,A 100g dose of chloroquine chemoprophylactic regimen results in retinal toxicity after 5-6 years of weekly intake.,NEI,science,medium,https://huggingface.co/datasets/scifact,source_dataset=scifact;config=claims;split=train
scifact-1103,Stroke patients with prior use of direct oral anticoagulants have a higher risk of in-hospital mortality than stroke patients with prior use of warfarin.,REFUTED,science,hard,https://huggingface.co/datasets/scifact,source_dataset=scifact;config=claims;split=train
scifact-426,Forkhead 0 (fox0) transcription factors are involved in apoptosis.,SUPPORTED,science,easy,https://huggingface.co/datasets/scifact,source_dataset=scifact;config=claims;split=train
scifact-818,Myelin sheaths play a role in action potential propagation.,SUPPORTED,science,easy,https://huggingface.co/datasets/scifact,source_dataset=scifact;config=claims;split=train
scifact-223,Cancer cells can stimulate the accumulation of intra-tumoural myeloid-derived suppressor cells by promoting granulocyte colony stimulating factor production.,SUPPORTED,science,medium,https://huggingface.co/datasets/scifact,source_dataset=scifact;config=claims;split=train
scifact-66,AZT given with ribavirin increases anemia.,NEI,science,easy,https://huggingface.co/datasets/scifact,source_dataset=scifact;config=claims;split=train
scifact-469,Glial calcium waves influence seizures.,SUPPORTED,science,easy,https://huggingface.co/datasets/scifact,source_dataset=scifact;config=claims;split=train
scifact-530,"Human embryonic stem cells give rise to cell types from the outer embryonic germ layer, but not the other two layers.",REFUTED,science,hard,https://huggingface.co/datasets/scifact,source_dataset=scifact;config=claims;split=train
scifact-1106,Students who perform poorly in the early years of medical school are less likely to commit professional misconduct later in their careers.,REFUTED,science,hard,https://huggingface.co/datasets/scifact,source_dataset=scifact;config=claims;split=train
scifact-1345,Up-regulation of the p53 pathway and related molecular events speeds cancer progression.,NEI,science,medium,https://huggingface.co/datasets/scifact,source_dataset=scifact;config=claims;split=train
scifact-454,General exercise therapy is more effective than scapular stabilizer exercises in reducing pain and improving function of the shoulder.,REFUTED,science,medium,https://huggingface.co/datasets/scifact,source_dataset=scifact;config=claims;split=train
scifact-817,Myelin sheaths are lipid-rich cellular structures.,NEI,science,easy,https://huggingface.co/datasets/scifact,source_dataset=scifact;config=claims;split=train
scifact-1324,Treatment with a protein named FN restores regenerative abilities of aged muscles.,SUPPORTED,science,medium,https://huggingface.co/datasets/scifact,source_dataset=scifact;config=claims;split=train
scifact-228,Cardiac tissue-resident macrophages directly contribute to electrical activity.,SUPPORTED,science,easy,https://huggingface.co/datasets/scifact,source_dataset=scifact;config=claims;split=train
scifact-164,Bariatric surgery increases rates of colorectal cancer.,SUPPORTED,science,easy,https://huggingface.co/datasets/scifact,source_dataset=scifact;config=claims;split=train
scifact-1153,The C-type lectin receptor (CLEC-2) rearranges the actin cytoskeleton in dendritic cells to promote efficient motility along stromal surfaces.,SUPPORTED,science,medium,https://huggingface.co/datasets/scifact,source_dataset=scifact;config=claims;split=train
scifact-256,Chlamydia trachomatis is most prevalent in the UK among sexually-experienced individuals aged 16 to 24.,SUPPORTED,science,medium,https://huggingface.co/datasets/scifact,source_dataset=scifact;config=claims;split=train
scifact-1139,Taking 400mg of α-tocopheryl acetate does not prevent prostate cancer.,SUPPORTED,science,easy,https://huggingface.co/datasets/scifact,source_dataset=scifact;config=claims;split=train
scifact-1224,The latent infection of myeloid cells with human cytomegalovirus induces a number of changes in gene expression.,SUPPORTED,science,medium,https://huggingface.co/datasets/scifact,source_dataset=scifact;config=claims;split=train
scifact-1087,Sildenafil worsens erectile function in men who experience sexual dysfunction as a result of the use of SSRI antidepressants.,REFUTED,science,medium,https://huggingface.co/datasets/scifact,source_dataset=scifact;config=claims;split=train
scifact-621,Individuals with Alzheimers who participate in six months of physical activity improve cognitive function for up to 18 months.,SUPPORTED,science,medium,https://huggingface.co/datasets/scifact,source_dataset=scifact;config=claims;split=train
scifact-1289,There is a relation between Erythromycin use and hypertrophic pyloric stenosis.,SUPPORTED,science,medium,https://huggingface.co/datasets/scifact,source_dataset=scifact;config=claims;split=train
scifact-898,Oxidative DNA damage activates STING signalling.,NEI,science,easy,https://huggingface.co/datasets/scifact,source_dataset=scifact;config=claims;split=train
scifact-1002,RA activation of DIF2 and NB4 cells induces hallmarks of transcriptionally active promoters.,NEI,science,medium,https://huggingface.co/datasets/scifact,source_dataset=scifact;config=claims;split=train
scifact-816,Mutations in RIM1 raise levels of IME1 RNA.,REFUTED,science,easy,https://huggingface.co/datasets/scifact,source_dataset=scifact;config=claims;split=train
scifact-1295,There is no relation between Erythromycin use and hypertrophic pyloric stenosis.,REFUTED,science,medium,https://huggingface.co/datasets/scifact,source_dataset=scifact;config=claims;split=train
scifact-80,Acute ablation of KRAS causes severe growth impairment.,NEI,science,easy,https://huggingface.co/datasets/scifact,source_dataset=scifact;config=claims;split=train
scifact-495,Having a main partner improves HIV outcomes.,SUPPORTED,science,easy,https://huggingface.co/datasets/scifact,source_dataset=scifact;config=claims;split=train
scifact-315,Decrease of p62 in prostate tumor stroma results in defective autophagy.,NEI,science,medium,https://huggingface.co/datasets/scifact,source_dataset=scifact;config=claims;split=train
scifact-1330,Tumor development occurs in conjunction with suppression of pro-inflammatory cytokines.,NEI,science,easy,https://huggingface.co/datasets/scifact,source_dataset=scifact;config=claims;split=train
scifact-555,Immune complex triggered cell death leads to extracellular release of nuclear DNA.,NEI,science,medium,https://huggingface.co/datasets/scifact,source_dataset=scifact;config=claims;split=train
scifact-600,Including pharmacists in rounding teams does not alter the incidence of adverse drug events (ADEs).,REFUTED,science,medium,https://huggingface.co/datasets/scifact,source_dataset=scifact;config=claims;split=train
scifact-973,Primary cervical cytology screening with HPV detection has higher longitudinal sensitivity to detect severe cervical intraepithelial neoplasia than conventional cytology.,SUPPORTED,science,medium,https://huggingface.co/datasets/scifact,source_dataset=scifact;config=claims;split=train
scifact-272,Combination nicotine replacement therapies with varenicline or bupropion are more effective after 12 weeks of reatment compared to varenicline monotherapy.,SUPPORTED,science,medium,https://huggingface.co/datasets/scifact,source_dataset=scifact;config=claims;split=train
scifact-292,Cost effectiveness evaluations based on cRCT data lack external validity.,SUPPORTED,science,easy,https://huggingface.co/datasets/scifact,source_dataset=scifact;config=claims;split=train
scifact-1284,Therapeutics receiving accelerated approval encounter a lower frequency of post-marketing safety events,REFUTED,science,medium,https://huggingface.co/datasets/scifact,source_dataset=scifact;config=claims;split=train
scifact-767,Men are more susceptible to death due to pneumonia when compared to women.,REFUTED,science,medium,https://huggingface.co/datasets/scifact,source_dataset=scifact;config=claims;split=train
scifact-168,Bariatric surgery reduces colorectal cancer.,REFUTED,science,easy,https://huggingface.co/datasets/scifact,source_dataset=scifact;config=claims;split=train
scifact-499,HbA1c consistently overestimates glycemic control in black individuals with Sickle cell trait (SCT).,REFUTED,science,medium,https://huggingface.co/datasets/scifact,source_dataset=scifact;config=claims;split=train
scifact-1006,RTEL1 interacts with TRF2 through a C4C4 motif,SUPPORTED,science,easy,https://huggingface.co/datasets/scifact,source_dataset=scifact;config=claims;split=train
scifact-484,"H4 G94P proteins induce chromatin assembly, which increases free histones.",NEI,science,easy,https://huggingface.co/datasets/scifact,source_dataset=scifact;config=claims;split=train
scifact-573,"In domesticated populations of Saccharomyces cerevisiae, segmental aneuploidy is very common.",NEI,science,medium,https://huggingface.co/datasets/scifact,source_dataset=scifact;config=claims;split=train
scifact-688,Lamins have no effect on nuclear membrane structure maintenance.,NEI,science,easy,https://huggingface.co/datasets/scifact,source_dataset=scifact;config=claims;split=train
scifact-499,HbA1c consistently overestimates glycemic control in black individuals with Sickle cell trait (SCT).,REFUTED,science,medium,https://huggingface.co/datasets/scifact,source_dataset=scifact;config=claims;split=train
scifact-357,"During non-homologous end joining, the ligation step is not as tolerant of disrepairs and other distortions when joining 3' of strand breaks as compared to 5' strand breaks.",NEI,science,hard,https://huggingface.co/datasets/scifact,source_dataset=scifact;config=claims;split=train
scifact-1367,Vitamin D deficiency effects birth weight.,SUPPORTED,science,easy,https://huggingface.co/datasets/scifact,source_dataset=scifact;config=claims;split=train
scifact-643,Insulin effects appetite via ventral tegmental neurons.,SUPPORTED,science,easy,https://huggingface.co/datasets/scifact,source_dataset=scifact;config=claims;split=train
scifact-1097,Splenomegaly is observed in knockin mouse lacking the SHP-2 MAPK pathway.,SUPPORTED,science,medium,https://huggingface.co/datasets/scifact,source_dataset=scifact;config=claims;split=train
scifact-1327,Tuberculosis incidence occurs at higher rates in more sparsely populated areas in the UK.,REFUTED,science,medium,https://huggingface.co/datasets/scifact,source_dataset=scifact;config=claims;split=train
scifact-134,Assessing treatment adherence is more beneficial to clinical practice than measuring routine outcomes.,NEI,science,medium,https://huggingface.co/datasets/scifact,source_dataset=scifact;config=claims;split=train
scifact-515,High levels of CRP lead to a higher risk of exacerbations in chronic obstructive pulmonary disease (COPD).,SUPPORTED,science,medium,https://huggingface.co/datasets/scifact,source_dataset=scifact;config=claims;split=train
scifact-1157,The DESMOND program demonstrates no significant impact on biochemical outcomes.,SUPPORTED,science,easy,https://huggingface.co/datasets/scifact,source_dataset=scifact;config=claims;split=train
scifact-1005,RANK-RANKL pathway signalling is linked to development of Aire-expressing medullary thymic epithelial cells.,SUPPORTED,science,medium,https://huggingface.co/datasets/scifact,source_dataset=scifact;config=claims;split=train
scifact-1141,Taking 400mg of α-tocopheryl acetate in combination with vitamin C reduces the risk of prostate cancer.,REFUTED,science,medium,https://huggingface.co/datasets/scifact,source_dataset=scifact;config=claims;split=train
scifact-1103,Stroke patients with prior use of direct oral anticoagulants have a higher risk of in-hospital mortality than stroke patients with prior use of warfarin.,REFUTED,science,hard,https://huggingface.co/datasets/scifact,source_dataset=scifact;config=claims;split=train
scifact-529,Human embryonic stem cells give rise to cell types from all three embryonic germ layers.,SUPPORTED,science,medium,https://huggingface.co/datasets/scifact,source_dataset=scifact;config=claims;split=train
scifact-595,Incidence of sepsis has fallen substantially from 2009 to 2014.,REFUTED,science,easy,https://huggingface.co/datasets/scifact,source_dataset=scifact;config=claims;split=train
scifact-181,Blocking the interaction between TDP-43 and respiratory complex I proteins ND3 and ND6 prevents TDP-43-induced neuronal loss.,SUPPORTED,science,medium,https://huggingface.co/datasets/scifact,source_dataset=scifact;config=claims;split=train
scifact-1293,There is no increased risk of hypospadias with clomiphene.,REFUTED,science,easy,https://huggingface.co/datasets/scifact,source_dataset=scifact;config=claims;split=train
scifact-1311,"Trans-acting factors, such as lncRNAs, influence mRNA translation.",SUPPORTED,science,easy,https://huggingface.co/datasets/scifact,source_dataset=scifact;config=claims;split=train
scifact-1003,RAD52 is involved in break-induced DNA replication (BIR).,SUPPORTED,science,easy,https://huggingface.co/datasets/scifact,source_dataset=scifact;config=claims;split=train
scifact-10,4-PBA treatment decreases endoplasmic reticulum stress in response to general endoplasmic reticulum stress markers.,NEI,science,medium,https://huggingface.co/datasets/scifact,source_dataset=scifact;config=claims;split=train
scifact-757,Many transmembrane receptors transmit signals by long-range conformational changes in the association of alpha-helices across the plasma membrane.,NEI,science,medium,https://huggingface.co/datasets/scifact,source_dataset=scifact;config=claims;split=train
scifact-962,Post-transcriptional handling of mitochondrial transcripts occurs in mitochondrial RNA granules.,SUPPORTED,science,easy,https://huggingface.co/datasets/scifact,source_dataset=scifact;config=claims;split=train
scifact-267,Cognitive behavioral therapy is an ineffective treatment for insomnia,REFUTED,science,easy,https://huggingface.co/datasets/scifact,source_dataset=scifact;config=claims;split=train
scifact-899,Oxidative DNA damage inhibits STING signalling.,NEI,science,easy,https://huggingface.co/datasets/scifact,source_dataset=scifact;config=claims;split=train
scifact-566,"In S. cerevisiae, the absence of RNA surveillance pathways reduces sensitivity to high iron conditions.",REFUTED,science,medium,https://huggingface.co/datasets/scifact,source_dataset=scifact;config=claims;split=train
scifact-1356,Vaccinating the gastrointestinal tract induces protection of rectal and vaginal mucosa.,SUPPORTED,science,medium,https://huggingface.co/datasets/scifact,source_dataset=scifact;config=claims;split=train
scifact-209,CHOP is a general endoplasmic reticulum stress marker.,NEI,science,easy,https://huggingface.co/datasets/scifact,source_dataset=scifact;config=claims;split=train
scifact-657,Intramembrane cleavage by signal peptide peptidase aids in the degradation of proteins with a complex membrane orientation.,SUPPORTED,science,medium,https://huggingface.co/datasets/scifact,source_dataset=scifact;config=claims;split=train
scifact-1312,Transcription factor EB induces transcription of pro-inflammatory cytokines in macrophages infected with Staphylococcus aureus.,SUPPORTED,science,medium,https://huggingface.co/datasets/scifact,source_dataset=scifact;config=claims;split=train
scifact-466,Genomic sequences involved in alternative splicing responsible for Hutchinson-Gilford progeria syndrome (HGPS) are abundant in the ''progerinonly'' allele of Lmna knock-in models.,REFUTED,science,hard,https://huggingface.co/datasets/scifact,source_dataset=scifact;config=claims;split=train
scifact-1353,Urbanization is an important risk factor related to the transmission of dengue fever.,NEI,science,medium,https://huggingface.co/datasets/scifact,source_dataset=scifact;config=claims;split=train
scifact-1038,Replacement of OCT4 and SOX2 genes with GATA3 is not capable of reprogramming human cells.,NEI,science,medium,https://huggingface.co/datasets/scifact,source_dataset=scifact;config=claims;split=train
scifact-686,Lamins are found within the inner layer of the mitochondrial membrane of all cells.,NEI,science,medium,https://huggingface.co/datasets/scifact,source_dataset=scifact;config=claims;split=train
scifact-541,Hypothalamic glutamate neurotransmission is unrelated to energy balance.,REFUTED,science,easy,https://huggingface.co/datasets/scifact,source_dataset=scifact;config=claims;split=train
scifact-1016,Rapamycin increases the concentration of triacylglycerols in fruit flies.,NEI,science,easy,https://huggingface.co/datasets/scifact,source_dataset=scifact;config=claims;split=train
scifact-46,A single nucleotide variant the gene DGKK is strongly associated with increased risk of hypospadias.,SUPPORTED,science,medium,https://huggingface.co/datasets/scifact,source_dataset=scifact;config=claims;split=train
scifact-1128,T cell receptor /CD3 microdomains are required to induce the immunologic synapse.,SUPPORTED,science,medium,https://huggingface.co/datasets/scifact,source_dataset=scifact;config=claims;split=train
scifact-156,BCL-2 promotes the apoptotic effects of c-Myc.,REFUTED,science,easy,https://huggingface.co/datasets/scifact,source_dataset=scifact;config=claims;split=train
scifact-211,COPI coatmer is involved in viral replication.,NEI,science,easy,https://huggingface.co/datasets/scifact,source_dataset=scifact;config=claims;split=train
scifact-247,Chemical injury represses transglutaminase 2 activity.,NEI,science,easy,https://huggingface.co/datasets/scifact,source_dataset=scifact;config=claims;split=train
scifact-352,Distant CREs are less conserved among species.,NEI,science,easy,https://huggingface.co/datasets/scifact,source_dataset=scifact;config=claims;split=train
scifact-776,Mice defective for deoxyribonucleic acid (DNA) polymerase m (polm) fail to reveal increased sensitivity to ionizing radiation (IR).,NEI,science,medium,https://huggingface.co/datasets/scifact,source_dataset=scifact;config=claims;split=train
scifact-1073,Sepsis related mortality has risen from 2009 to 2014.,REFUTED,science,easy,https://huggingface.co/datasets/scifact,source_dataset=scifact;config=claims;split=train
scifact-98,Alirocumab treatment reduces apo(a) fractional clearance rate.,REFUTED,science,easy,https://huggingface.co/datasets/scifact,source_dataset=scifact;config=claims;split=train
scifact-371,Egr3 regulates the homeostasis of B and T cells.,SUPPORTED,science,easy,https://huggingface.co/datasets/scifact,source_dataset=scifact;config=claims;split=train
scifact-1065,Satellite cell dysfunction is a key factor in sarcopenia development.,REFUTED,science,easy,https://huggingface.co/datasets/scifact,source_dataset=scifact;config=claims;split=train
scifact-734,MEK inhibitors are effective treatments in RAS-driven mouse models of cancer.,SUPPORTED,science,medium,https://huggingface.co/datasets/scifact,source_dataset=scifact;config=claims;split=train
scifact-853,Nonhuman primates are incapable of producing neutralizing antibodies in reponse to the Eilat virus (EILV) produced in mosquitos.,REFUTED,science,medium,https://huggingface.co/datasets/scifact,source_dataset=scifact;config=claims;split=train
scifact-591,Incidence of 10/66 dementia is higher than the incidence of DSM-IV dementia.,SUPPORTED,science,medium,https://huggingface.co/datasets/scifact,source_dataset=scifact;config=claims;split=train
scifact-332,Depletion of T-helper 17 (Th17) cells during simian immunodeficiency virus (SIV) infection decreases dissemination of Salmonella Typhimurium from the gut.,REFUTED,science,medium,https://huggingface.co/datasets/scifact,source_dataset=scifact;config=claims;split=train
scifact-88,Adult tissue-resident macrophages possess a self-renewing capacity.,SUPPORTED,science,easy,https://huggingface.co/datasets/scifact,source_dataset=scifact;config=claims;split=train
scifact-761,MeCP2 influences the synaptic maturation of neurons.,NEI,science,easy,https://huggingface.co/datasets/scifact,source_dataset=scifact;config=claims;split=train
scifact-178,Birth-weight is negatively associated with breast cancer.,REFUTED,science,easy,https://huggingface.co/datasets/scifact,source_dataset=scifact;config=claims;split=train
scifact-1134,TNFAIP3 is a glioblastoma tumor enhancer.,SUPPORTED,science,easy,https://huggingface.co/datasets/scifact,source_dataset=scifact;config=claims;split=train
scifact-944,Physical activity does not improve cognitive function in individuals with Alzheimers.,REFUTED,science,medium,https://huggingface.co/datasets/scifact,source_dataset=scifact;config=claims;split=train
scifact-1346,"Upon developing tyrosine-kinase inhibitor resistance, new mutations in epidermal growth factor receptors emerge and cause treatment failure.",SUPPORTED,science,medium,https://huggingface.co/datasets/scifact,source_dataset=scifact;config=claims;split=train
scifact-1075,Sequence conservation in gene regulatory regions between species is a poor predictor of conserved functionality.,NEI,science,medium,https://huggingface.co/datasets/scifact,source_dataset=scifact;config=claims;split=train
scifact-792,Misunderstandings between doctors and patients can lead to non-adherence.,SUPPORTED,science,easy,https://huggingface.co/datasets/scifact,source_dataset=scifact;config=claims;split=train
scifact-972,Primary cervical cancer screening with HPV detection has lower longitudinal sensitivity than conventional cytology to detect cervical intraepithelial neoplasia grade 2.,REFUTED,science,hard,https://huggingface.co/datasets/scifact,source_dataset=scifact;config=claims;split=train
scifact-1349,Upregulation of PD1 causes the downmodulation of Satb1.,NEI,science,easy,https://huggingface.co/datasets/scifact,source_dataset=scifact;config=claims;split=train
scifact-365,ER-localized phosphatase Sac1 processes PI4P through coordination with OSBP and the endosome-localized protein sorting nexin 2.,NEI,science,medium,https://huggingface.co/datasets/scifact,source_dataset=scifact;config=claims;split=train
scifact-755,Many cytokines that are produced by cancer cells also contribute to carcinogenesis.,NEI,science,medium,https://huggingface.co/datasets/scifact,source_dataset=scifact;config=claims;split=train
scifact-683,Lack of FGF21 in mice slows the rate of atherosclerotic plaque formation.,REFUTED,science,medium,https://huggingface.co/datasets/scifact,source_dataset=scifact;config=claims;split=train
scifact-1133,TMEM27 is a marker for beta cells.,SUPPORTED,science,easy,https://huggingface.co/datasets/scifact,source_dataset=scifact;config=claims;split=train
scifact-959,Polymeal nutrition increases cardiovascular mortality.,REFUTED,science,easy,https://huggingface.co/datasets/scifact,source_dataset=scifact;config=claims;split=train
scifact-953,Pioglitazone use is significantly associated with an increased risk of pancreatic cancer.,SUPPORTED,science,medium,https://huggingface.co/datasets/scifact,source_dataset=scifact;config=claims;split=train
scifact-334,Depletion of nitric oxide is responsible for vasospasm.,SUPPORTED,science,easy,https://huggingface.co/datasets/scifact,source_dataset=scifact;config=claims;split=train
scifact-347,Differentiation of progenitor cells to myeloid cells is skewed when insulin signaling is suppressed.,SUPPORTED,science,medium,https://huggingface.co/datasets/scifact,source_dataset=scifact;config=claims;split=train
scifact-0,0-dimensional biomaterials lack inductive properties.,NEI,science,easy,https://huggingface.co/datasets/scifact,source_dataset=scifact;config=claims;split=train
scifact-632,Inhibiting focal adhesion formation enables cells to convert mechanical strain into eventual scarring.,REFUTED,science,medium,https://huggingface.co/datasets/scifact,source_dataset=scifact;config=claims;split=train
scifact-453,General exercise therapy is more effective than rotator cuff exercises in reducing pain and improving function of the shoulder.,REFUTED,science,medium,https://huggingface.co/datasets/scifact,source_dataset=scifact;config=claims;split=train
scifact-342,Diabetic patients with acute coronary syndrome experience decreased short-term and long-term risk for bleeding events.,REFUTED,science,medium,https://huggingface.co/datasets/scifact,source_dataset=scifact;config=claims;split=train
scifact-651,"Interferon stimulated genes (ISGs) Irf1, Irg1, Ifi27, and Rsad2 encourage West Nile virus replication in cortical neurons.",NEI,science,medium,https://huggingface.co/datasets/scifact,source_dataset=scifact;config=claims;split=train
scifact-696,Lipopolysaccharides have an inflammation independent effect on kidney barrier function.,NEI,science,easy,https://huggingface.co/datasets/scifact,source_dataset=scifact;config=claims;split=train
scifact-1403,siRNA knockdown of A20 accelerates tumor progression in an in vivo murine xenograft model.,REFUTED,science,medium,https://huggingface.co/datasets/scifact,source_dataset=scifact;config=claims;split=train
scifact-779,Mice lacking Sirt1 in Sf1-expressing neurons have increased susceptibility to diet-induced obesity and insulin resistance.,SUPPORTED,science,medium,https://huggingface.co/datasets/scifact,source_dataset=scifact;config=claims;split=train
scifact-1125,Systemic immunosuppressive (IS) therapy does not enhance the chance of cancer mortality in patients with inflammatory eye disease (IED),SUPPORTED,science,medium,https://huggingface.co/datasets/scifact,source_dataset=scifact;config=claims;split=train
scifact-1119,Sympathetic nerve activity is elevated throughout normal pregnancy.,SUPPORTED,science,easy,https://huggingface.co/datasets/scifact,source_dataset=scifact;config=claims;split=train
scifact-479,Gpr124 increases BBB breakdown in mouse models of ischemic stroke.,REFUTED,science,easy,https://huggingface.co/datasets/scifact,source_dataset=scifact;config=claims;split=train
scifact-203,CD44v6 is not associated with constitutive and reprogrammed cancer stem cells driving cancer metastasis.,REFUTED,science,medium,https://huggingface.co/datasets/scifact,source_dataset=scifact;config=claims;split=train
scifact-959,Polymeal nutrition increases cardiovascular mortality.,REFUTED,science,easy,https://huggingface.co/datasets/scifact,source_dataset=scifact;config=claims;split=train
scifact-1004,RANK-RANKL pathway signalling has no known association with development of Aire-expressing medullary thymic epithelial cells.,REFUTED,science,medium,https://huggingface.co/datasets/scifact,source_dataset=scifact;config=claims;split=train
scifact-340,Diabetes remission occurs less in people treated with conventional therapy than in people treated with laparoscopic adjustable gastric banding surgery.,SUPPORTED,science,medium,https://huggingface.co/datasets/scifact,source_dataset=scifact;config=claims;split=train
scifact-1120,Sympathetic nerve activity is reduced throughout normal pregnancy.,REFUTED,science,easy,https://huggingface.co/datasets/scifact,source_dataset=scifact;config=claims;split=train
scifact-448,Gastric infection with Helicobacter pylori increases risk of gastric cancer in humans.,SUPPORTED,science,medium,https://huggingface.co/datasets/scifact,source_dataset=scifact;config=claims;split=train
scifact-1331,Tumor development occurs in conjunction with upregulation of pro-inflammatory cytokines.,NEI,science,easy,https://huggingface.co/datasets/scifact,source_dataset=scifact;config=claims;split=train
scifact-454,General exercise therapy is more effective than scapular stabilizer exercises in reducing pain and improving function of the shoulder.,REFUTED,science,medium,https://huggingface.co/datasets/scifact,source_dataset=scifact;config=claims;split=train
scifact-951,Piezo1 channels are sensors for cell migration in epithelial cells.,SUPPORTED,science,easy,https://huggingface.co/datasets/scifact,source_dataset=scifact;config=claims;split=train
scifact-351,Distant CREs are important for transcriptional regulation.,NEI,science,easy,https://huggingface.co/datasets/scifact,source_dataset=scifact;config=claims;split=train
scifact-579,"In patients with congenital heart defects, β-blockers significantly improve clinical heart failure outcomes.",REFUTED,science,medium,https://huggingface.co/datasets/scifact,source_dataset=scifact;config=claims;split=train
scifact-1371,Vitamin D is an important factor in the relationship between calcium and parathyroid hormone.,SUPPORTED,science,medium,https://huggingface.co/datasets/scifact,source_dataset=scifact;config=claims;split=train
scifact-838,NR5A2 is important in reverse cholesterol transport in humans.,NEI,science,easy,https://huggingface.co/datasets/scifact,source_dataset=scifact;config=claims;split=train
scifact-119,Antidepressants increase the severity of migraines.,REFUTED,science,easy,https://huggingface.co/datasets/scifact,source_dataset=scifact;config=claims;split=train
scifact-1025,Reduced levels of lipolysis leads to higher P38 phosphorylation in adipose tissue.,NEI,science,medium,https://huggingface.co/datasets/scifact,source_dataset=scifact;config=claims;split=train
scifact-881,Omnivores produce less trimethylamine N-oxide from dietary I-carnitine than vegans.,REFUTED,science,easy,https://huggingface.co/datasets/scifact,source_dataset=scifact;config=claims;split=train
scifact-1209,The deamination of cytidine to uridine on the minus strand of viral DNA can inactivate the viral genome by inducing G-to-A mutations.,SUPPORTED,science,hard,https://huggingface.co/datasets/scifact,source_dataset=scifact;config=claims;split=train
scifact-1218,The first MBT repeat of the four malignant brain tumor (4MBT) domain of Drosophila's Sfmbt and of the orthologous mammalian L3MBTL2 is required for the interaction with the spacer region of Drosophila's Pleiohomeotic (Pho) or its human ortholog YY1.,NEI,science,hard,https://huggingface.co/datasets/scifact,source_dataset=scifact;config=claims;split=train
scifact-765,Medications to treat obesity do not have side effects.,REFUTED,science,easy,https://huggingface.co/datasets/scifact,source_dataset=scifact;config=claims;split=train
scifact-902,PD-1 triggering on monocytes enhances IL-10 production by monocytes.,SUPPORTED,science,easy,https://huggingface.co/datasets/scifact,source_dataset=scifact;config=claims;split=train
scifact-488,HAND2 methylation is a key step in early endometrial carcinogenesis.,SUPPORTED,science,easy,https://huggingface.co/datasets/scifact,source_dataset=scifact;config=claims;split=train
scifact-394,Excess gestational weight gain is associated with obesity-related pregnancy outcomes.,SUPPORTED,science,easy,https://huggingface.co/datasets/scifact,source_dataset=scifact;config=claims;split=train
scifact-1158,The DESMOND program demonstrates no significant impact on lifestyles outcomes.,SUPPORTED,science,easy,https://huggingface.co/datasets/scifact,source_dataset=scifact;config=claims;split=train
scifact-772,Mice are incapable of producing neutralizing antibodies in reponse to the Chikungunya virus (CHIKV) produced in mosquitos.,REFUTED,science,medium,https://huggingface.co/datasets/scifact,source_dataset=scifact;config=claims;split=train
scifact-835,NR5A2 does not play a role in development of endometrial tissues.,REFUTED,science,medium,https://huggingface.co/datasets/scifact,source_dataset=scifact;config=claims;split=train
scifact-994,Pyridostatin encourages proliferation of homologous recombination - defective cells.,REFUTED,science,easy,https://huggingface.co/datasets/scifact,source_dataset=scifact;config=claims;split=train
scifact-618,Increased purity of cytoplasmic membranes isolated from overexpressors is indicated by stronger spots for OmpF in 2D BN-PAGE gels.,NEI,science,medium,https://huggingface.co/datasets/scifact,source_dataset=scifact;config=claims;split=train
scifact-600,Including pharmacists in rounding teams does not alter the incidence of adverse drug events (ADEs).,REFUTED,science,medium,https://huggingface.co/datasets/scifact,source_dataset=scifact;config=claims;split=train
scifact-1238,The most prevalent adverse events to Semaglutide are gastrointestinal.,SUPPORTED,science,easy,https://huggingface.co/datasets/scifact,source_dataset=scifact;config=claims;split=train
scifact-1040,Replacement of histone H2A with H2A.Z accelerates gene activation in yeasts by destabilizing +1 nucleosomes.,SUPPORTED,science,medium,https://huggingface.co/datasets/scifact,source_dataset=scifact;config=claims;split=train
scifact-1165,The G34R/V mutation does not create a hypomethylated phenotype at the H3K36 histone.,NEI,science,medium,https://huggingface.co/datasets/scifact,source_dataset=scifact;config=claims;split=train
scifact-1087,Sildenafil worsens erectile function in men who experience sexual dysfunction as a result of the use of SSRI antidepressants.,REFUTED,science,medium,https://huggingface.co/datasets/scifact,source_dataset=scifact;config=claims;split=train
scifact-286,Converting apoE4 to apoE3 by gene editing prevents the pathology associated with apoE4 in human iPSCderived neurons.,SUPPORTED,science,medium,https://huggingface.co/datasets/scifact,source_dataset=scifact;config=claims;split=train
scifact-1114,"Surfactin producing cells and exopolymer producing cells cooperate to generate ""Van Gogh"" bundles that have sliding abilities on specialized media.",SUPPORTED,science,medium,https://huggingface.co/datasets/scifact,source_dataset=scifact;config=claims;split=train
scifact-658,It is not proven that moderate consumption of candy and chocolate reduces the risk of cardiovascular disease (CVD) specifically.,NEI,science,medium,https://huggingface.co/datasets/scifact,source_dataset=scifact;config=claims;split=train
scifact-420,Fibroblast growth factor 21 protects against atherosclerosis by modulating adiponectin and SREBP2 levels.,SUPPORTED,science,medium,https://huggingface.co/datasets/scifact,source_dataset=scifact;config=claims;split=train
scifact-1288,There is a positive correlation between hip fractures and statin use.,REFUTED,science,medium,https://huggingface.co/datasets/scifact,source_dataset=scifact;config=claims;split=train
scifact-585,"In the UK, drowning affects boys and girls equally.",NEI,science,easy,https://huggingface.co/datasets/scifact,source_dataset=scifact;config=claims;split=train
scifact-682,Lack of FGF21 in mice leads to reduced lifespan.,SUPPORTED,science,easy,https://huggingface.co/datasets/scifact,source_dataset=scifact;config=claims;split=train
scifact-492,HOXB4 facilitates HSC expansion when co-cultured with HSCs.,NEI,science,easy,https://huggingface.co/datasets/scifact,source_dataset=scifact;config=claims;split=train
scifact-1141,Taking 400mg of α-tocopheryl acetate in combination with vitamin C reduces the risk of prostate cancer.,REFUTED,science,medium,https://huggingface.co/datasets/scifact,source_dataset=scifact;config=claims;split=train
scifact-854,Nonhypertensive people who are 55 years old have a 90% chance of developing hypertension during their lifetime.,SUPPORTED,science,medium,https://huggingface.co/datasets/scifact,source_dataset=scifact;config=claims;split=train
scifact-378,Energy balance requires hypothalamic glutamate neurotransmission.,SUPPORTED,science,easy,https://huggingface.co/datasets/scifact,source_dataset=scifact;config=claims;split=train
scifact-489,HIV trans-activator protein (TAT) effectively transports large and small molecules across cellular membranes into larger populations of neurons.,NEI,science,medium,https://huggingface.co/datasets/scifact,source_dataset=scifact;config=claims;split=train
scifact-671,Knockout proximal tubule-specific deletion of the BMP receptor Alk3 causes fibrosis.,SUPPORTED,science,medium,https://huggingface.co/datasets/scifact,source_dataset=scifact;config=claims;split=train
scifact-108,Amitriptyline is an effective treatment for chronic tension-type headaches.,SUPPORTED,science,easy,https://huggingface.co/datasets/scifact,source_dataset=scifact;config=claims;split=train
scifact-1311,"Trans-acting factors, such as lncRNAs, influence mRNA translation.",SUPPORTED,science,easy,https://huggingface.co/datasets/scifact,source_dataset=scifact;config=claims;split=train
scifact-1028,Reduced responsiveness to interleukin-2 in regulatory T cells is associated with autoimmune diseases such as Type 1 Diabetes.,SUPPORTED,science,medium,https://huggingface.co/datasets/scifact,source_dataset=scifact;config=claims;split=train
scifact-665,KRT17 modulates the expression of the transcriptional regulator AIRE in diseased epithelia.,SUPPORTED,science,medium,https://huggingface.co/datasets/scifact,source_dataset=scifact;config=claims;split=train
scifact-184,Bone marrow cells don't contribute to adult macrophage compartments.,SUPPORTED,science,easy,https://huggingface.co/datasets/scifact,source_dataset=scifact;config=claims;split=train
scifact-1052,Rising temperatures caused by global warming increases risk of dengue fever transmission.,NEI,science,medium,https://huggingface.co/datasets/scifact,source_dataset=scifact;config=claims;split=train
scifact-1205,The combination of physical examinations with C-reactive protein values do not improve the accuracy of radiographic verified pneumonia predictions.,REFUTED,science,medium,https://huggingface.co/datasets/scifact,source_dataset=scifact;config=claims;split=train
scifact-32,A country's Vaccine Alliance (GAVI) eligibility is not indictivate of accelerated adoption of the Hub vaccine.,REFUTED,science,medium,https://huggingface.co/datasets/scifact,source_dataset=scifact;config=claims;split=train
scifact-370,Egr2 regulates the homeostasis of B and T cells.,SUPPORTED,science,easy,https://huggingface.co/datasets/scifact,source_dataset=scifact;config=claims;split=train
scifact-616,Increased mobility of retrotransposons does not lead to mutation and higher tumorigenesis rates.,NEI,science,medium,https://huggingface.co/datasets/scifact,source_dataset=scifact;config=claims;split=train
scifact-780,Mice that lack Interferon-γ or its receptor are highly susceptible to experimental autoimmune myocarditis.,SUPPORTED,science,medium,https://huggingface.co/datasets/scifact,source_dataset=scifact;config=claims;split=train
scifact-445,GATA3 regulates self-renewal capacity in bone marrow hematopoietic stem cells.,SUPPORTED,science,easy,https://huggingface.co/datasets/scifact,source_dataset=scifact;config=claims;split=train
scifact-582,"In rhesus macaques, daily subcutaneous injections of emtricitabine are ineffective at protecting against rectally transmitted simian-human immunodeficiency virus.",NEI,science,medium,https://huggingface.co/datasets/scifact,source_dataset=scifact;config=claims;split=train
scifact-738,MICAL redox enzymes regulate actin dynamics.,SUPPORTED,science,easy,https://huggingface.co/datasets/scifact,source_dataset=scifact;config=claims;split=train
scifact-378,Energy balance requires hypothalamic glutamate neurotransmission.,SUPPORTED,science,easy,https://huggingface.co/datasets/scifact,source_dataset=scifact;config=claims;split=train
scifact-908,PGE 2 suppresss intestinal tumor growth by altering the expression of tumor suppressing and DNA repair genes.,NEI,science,medium,https://huggingface.co/datasets/scifact,source_dataset=scifact;config=claims;split=train
scifact-74,Active H. pylori urease has a polymeric structure consisting of five distinct subunits.,NEI,science,medium,https://huggingface.co/datasets/scifact,source_dataset=scifact;config=claims;split=train
scifact-1309,Tonic signaling from the scFv prevents constitutive stimulation.,NEI,science,easy,https://huggingface.co/datasets/scifact,source_dataset=scifact;config=claims;split=train
scifact-370,Egr2 regulates the homeostasis of B and T cells.,SUPPORTED,science,easy,https://huggingface.co/datasets/scifact,source_dataset=scifact;config=claims;split=train
scifact-445,GATA3 regulates self-renewal capacity in bone marrow hematopoietic stem cells.,SUPPORTED,science,easy,https://huggingface.co/datasets/scifact,source_dataset=scifact;config=claims;split=train
scifact-204,CDK6 shows impaired binding to loss-of-function variants of p18 INK4C.,NEI,science,easy,https://huggingface.co/datasets/scifact,source_dataset=scifact;config=claims;split=train
scifact-762,Measuring routine outcomes is more beneficial to clinical practice than assessing treatment adherence.,NEI,science,medium,https://huggingface.co/datasets/scifact,source_dataset=scifact;config=claims;split=train
scifact-30,A breast cancer patient's capacity to metabolize tamoxifen influences treatment outcome.,SUPPORTED,science,medium,https://huggingface.co/datasets/scifact,source_dataset=scifact;config=claims;split=train
scifact-1265,The risk of breast cancer among parous women decreases with placental weight of pregnancies.,REFUTED,science,medium,https://huggingface.co/datasets/scifact,source_dataset=scifact;config=claims;split=train
scifact-253,Chinese individuals with TT homozygosity in the MTHFR gene are less vulnerable to strokes caused by low levels of folate intake.,NEI,science,hard,https://huggingface.co/datasets/scifact,source_dataset=scifact;config=claims;split=train
scifact-349,Diminished ovarian reserve is a reliable indicator of infertility in a non-infertile population.,REFUTED,science,medium,https://huggingface.co/datasets/scifact,source_dataset=scifact;config=claims;split=train
scifact-378,Energy balance requires hypothalamic glutamate neurotransmission.,SUPPORTED,science,easy,https://huggingface.co/datasets/scifact,source_dataset=scifact;config=claims;split=train
scifact-1182,The Snf1 complex regulates carbon and energy metabolism in baker's yeast (Saccharomyces cerevisiae).,SUPPORTED,science,medium,https://huggingface.co/datasets/scifact,source_dataset=scifact;config=claims;split=train
scifact-214,CRP is positively correlated with postoperative mortality following Coronary Artery Bypass Graft (CABG) surgery.,NEI,science,medium,https://huggingface.co/datasets/scifact,source_dataset=scifact;config=claims;split=train
scifact-244,Certain immunomodulator-human dialyzable leukocyte extract (hDLE) peptides are recognized by toll-like receptors (TLRs) on macrophages and dendritic cells.,NEI,science,medium,https://huggingface.co/datasets/scifact,source_dataset=scifact;config=claims;split=train
scifact-531,Human embryonic stem cells have the capacity to give rise to differentiated progeny representative of all three embryonic germ layers.,SUPPORTED,science,medium,https://huggingface.co/datasets/scifact,source_dataset=scifact;config=claims;split=train
scifact-1235,The morphology change from large white adipocytes to small brown adipocytes is a sign of decreased energy expenditure potential in white adipose tissue.,NEI,science,hard,https://huggingface.co/datasets/scifact,source_dataset=scifact;config=claims;split=train
scifact-416,Female carriers of the Apolipoprotein E4 (APOE4) allele have longer lifetime exposure to estrogen due to an increased reproductive period.,SUPPORTED,science,medium,https://huggingface.co/datasets/scifact,source_dataset=scifact;config=claims;split=train
scifact-1159,The DESMOND program demonstrates no significant impact on weight loss.,SUPPORTED,science,easy,https://huggingface.co/datasets/scifact,source_dataset=scifact;config=claims;split=train
scifact-804,Monoclonal antibody targeting of N-cadherin inhibits growth.,SUPPORTED,science,easy,https://huggingface.co/datasets/scifact,source_dataset=scifact;config=claims;split=train
scifact-926,Patients with common epithelial cancers  are more likely to have an emergency event as their first hospital admission if they live in resource-deprived areas.,SUPPORTED,science,hard,https://huggingface.co/datasets/scifact,source_dataset=scifact;config=claims;split=train
scifact-1350,Upregulation of PD1 causes the upregulation of Satb1.,NEI,science,easy,https://huggingface.co/datasets/scifact,source_dataset=scifact;config=claims;split=train
scifact-304,DMS3 protein enables Pol V transcription in vivo.,NEI,science,easy,https://huggingface.co/datasets/scifact,source_dataset=scifact;config=claims;split=train
scifact-277,"Commelina yellow mottle virus (ComYMV) has three typical badnavirus ORFs, capable of encoding proteins 23, 15, and 216 kD.",SUPPORTED,science,medium,https://huggingface.co/datasets/scifact,source_dataset=scifact;config=claims;split=train
scifact-856,Nonsteroidal antinflammatory drugs are ineffective as cancer treatments.,REFUTED,science,easy,https://huggingface.co/datasets/scifact,source_dataset=scifact;config=claims;split=train
scifact-1048,Ribosomopathies have a high degree of cell and tissue specific pathology.,SUPPORTED,science,medium,https://huggingface.co/datasets/scifact,source_dataset=scifact;config=claims;split=train
scifact-458,Genetic deficiency of mast cells leads to decreased weight gain in a mouse model of diet-induced obesity.,SUPPORTED,science,medium,https://huggingface.co/datasets/scifact,source_dataset=scifact;config=claims;split=train
scifact-919,Participants who quit smoking reduce lung cancer risk by approximately 50%.,SUPPORTED,science,medium,https://huggingface.co/datasets/scifact,source_dataset=scifact;config=claims;split=train
scifact-1134,TNFAIP3 is a glioblastoma tumor enhancer.,SUPPORTED,science,easy,https://huggingface.co/datasets/scifact,source_dataset=scifact;config=claims;split=train
scifact-857,Nonsteroidal antinflammatory drugs show potential anticancer indications.,SUPPORTED,science,easy,https://huggingface.co/datasets/scifact,source_dataset=scifact;config=claims;split=train
scifact-186,British female students are bullied more than British male students.,NEI,science,easy,https://huggingface.co/datasets/scifact,source_dataset=scifact;config=claims;split=train
scifact-30,A breast cancer patient's capacity to metabolize tamoxifen influences treatment outcome.,SUPPORTED,science,medium,https://huggingface.co/datasets/scifact,source_dataset=scifact;config=claims;split=train
scifact-461,Genetic deletion of JAM-A increases gut permeability.,SUPPORTED,science,easy,https://huggingface.co/datasets/scifact,source_dataset=scifact;config=claims;split=train
scifact-182,Bone Marrow (BM) transplantation is used to treat acute myeloid leukemia (AML),NEI,science,medium,https://huggingface.co/datasets/scifact,source_dataset=scifact;config=claims;split=train
scifact-935,Peroxynitrite is required for induction of T cell tolerance.,SUPPORTED,science,easy,https://huggingface.co/datasets/scifact,source_dataset=scifact;config=claims;split=train
scifact-172,Basophils promote disease development in patients with systemic lupus erythematosus (SLE).,SUPPORTED,science,medium,https://huggingface.co/datasets/scifact,source_dataset=scifact;config=claims;split=train
scifact-263,Citrullinated proteins externalized in neutrophil extracellular traps act indirectly to disrupt the inflammatory cycle.,REFUTED,science,medium,https://huggingface.co/datasets/scifact,source_dataset=scifact;config=claims;split=train
scifact-1236,The morphology change from large white adipocytes to small brown adipocytes is a sign of increased energy expenditure potential in white adipose tissue.,NEI,science,hard,https://huggingface.co/datasets/scifact,source_dataset=scifact;config=claims;split=train
scifact-871,Obesity decreases life quality.,NEI,science,easy,https://huggingface.co/datasets/scifact,source_dataset=scifact;config=claims;split=train
scifact-709,Long chain polyunsaturated fatty acids supplementation is associated with lower rates of atopic eczema at 1 year.,SUPPORTED,science,medium,https://huggingface.co/datasets/scifact,source_dataset=scifact;config=claims;split=train
scifact-454,General exercise therapy is more effective than scapular stabilizer exercises in reducing pain and improving function of the shoulder.,REFUTED,science,medium,https://huggingface.co/datasets/scifact,source_dataset=scifact;config=claims;split=train
scifact-645,Intake of folic acid (FA) and vitamin B6 (VB6) increases levels of homocysteine.,REFUTED,science,medium,https://huggingface.co/datasets/scifact,source_dataset=scifact;config=claims;split=train
scifact-917,PTEN is a regulator for the transcriptional activity of SRF,SUPPORTED,science,easy,https://huggingface.co/datasets/scifact,source_dataset=scifact;config=claims;split=train
scifact-381,Environmental factors can influence the development of breast cancer.,SUPPORTED,science,easy,https://huggingface.co/datasets/scifact,source_dataset=scifact;config=claims;split=train
scifact-106,Ambulatory blood pressure monitoring is inaccurate at diagnosing hypertension.,REFUTED,science,easy,https://huggingface.co/datasets/scifact,source_dataset=scifact;config=claims;split=train
scifact-766,Medications to treat obesity have unwanted side effects.,SUPPORTED,science,easy,https://huggingface.co/datasets/scifact,source_dataset=scifact;config=claims;split=train
scifact-1367,Vitamin D deficiency effects birth weight.,SUPPORTED,science,easy,https://huggingface.co/datasets/scifact,source_dataset=scifact;config=claims;split=train
scifact-780,Mice that lack Interferon-γ or its receptor are highly susceptible to experimental autoimmune myocarditis.,SUPPORTED,science,medium,https://huggingface.co/datasets/scifact,source_dataset=scifact;config=claims;split=train
scifact-999,Pyridostatin reduces proliferation of homologous recombination - defective cells.,SUPPORTED,science,easy,https://huggingface.co/datasets/scifact,source_dataset=scifact;config=claims;split=train
scifact-383,Epidemiological disease burden from noncommunicable diseases is more prevalent in high economic settings.,NEI,science,medium,https://huggingface.co/datasets/scifact,source_dataset=scifact;config=claims;split=train
scifact-1067,ScPif1p has higher binding ability to G-rich ssDNA than to non-G-rich ssDNA.,NEI,science,medium,https://huggingface.co/datasets/scifact,source_dataset=scifact;config=claims;split=train
scifact-929,Patients with microcytosis and higher erythrocyte count were more resistant to severe malarial anaemia when infected with Plasmodium falciparum.,SUPPORTED,science,medium,https://huggingface.co/datasets/scifact,source_dataset=scifact;config=claims;split=train
scifact-394,Excess gestational weight gain is associated with obesity-related pregnancy outcomes.,SUPPORTED,science,easy,https://huggingface.co/datasets/scifact,source_dataset=scifact;config=claims;split=train
scifact-349,Diminished ovarian reserve is a reliable indicator of infertility in a non-infertile population.,REFUTED,science,medium,https://huggingface.co/datasets/scifact,source_dataset=scifact;config=claims;split=train
scifact-41,A high microerythrocyte count protects against severe anemia in homozygous alpha (+)- thalassemia trait subjects.,SUPPORTED,science,medium,https://huggingface.co/datasets/scifact,source_dataset=scifact;config=claims;split=train
scifact-1288,There is a positive correlation between hip fractures and statin use.,REFUTED,science,medium,https://huggingface.co/datasets/scifact,source_dataset=scifact;config=claims;split=train
scifact-1376,Whole brain radiotherapy increases the occurrence of new brain metastases.,REFUTED,science,easy,https://huggingface.co/datasets/scifact,source_dataset=scifact;config=claims;split=train
scifact-157,BLM gene encodes RecQ-class DNA helicase.,SUPPORTED,science,easy,https://huggingface.co/datasets/scifact,source_dataset=scifact;config=claims;split=train
scifact-633,Inhibiting focal adhesion formation increases the rate at which cells convert mechanical strain into inflammation and fibrosis.,REFUTED,science,medium,https://huggingface.co/datasets/scifact,source_dataset=scifact;config=claims;split=train
scifact-666,Kir7.1 modulates channel activity by the G protein-coupled melanocortin-4 receptor (MC4R) in the paraventricular nucleus of the hypothalamus.,SUPPORTED,science,medium,https://huggingface.co/datasets/scifact,source_dataset=scifact;config=claims;split=train
scifact-1383,aPKCz causes tumour suppression by affecting glutamine metabolism.,SUPPORTED,science,easy,https://huggingface.co/datasets/scifact,source_dataset=scifact;config=claims;split=train
scifact-39,A diminished ovarian reserve does not solely indicate infertility in an a priori non-infertile population.,SUPPORTED,science,medium,https://huggingface.co/datasets/scifact,source_dataset=scifact;config=claims;split=train
scifact-625,Induced hepatic stem cells possess the potential to differentiate into hepatocytic cells.,SUPPORTED,science,medium,https://huggingface.co/datasets/scifact,source_dataset=scifact;config=claims;split=train
scifact-159,BRCA 1 mutation carriers' risk of breast and ovarian cancer depends on where the mutation is located.,SUPPORTED,science,medium,https://huggingface.co/datasets/scifact,source_dataset=scifact;config=claims;split=train
scifact-791,Migraine with aura is associated with ischemic stroke.,SUPPORTED,science,easy,https://huggingface.co/datasets/scifact,source_dataset=scifact;config=claims;split=train
scifact-79,Active caspase-11 protein promotes pyroptosis.,SUPPORTED,science,easy,https://huggingface.co/datasets/scifact,source_dataset=scifact;config=claims;split=train
scifact-1327,Tuberculosis incidence occurs at higher rates in more sparsely populated areas in the UK.,REFUTED,science,medium,https://huggingface.co/datasets/scifact,source_dataset=scifact;config=claims;split=train
scifact-1037,Replacement of OCT4 and SOX2 genes with GATA3 has the ability to reprogram human cells.,NEI,science,medium,https://huggingface.co/datasets/scifact,source_dataset=scifact;config=claims;split=train
scifact-646,Intake of folic acid (FA) and vitamin B6 (VB6) reduces levels of homocysteine.,SUPPORTED,science,medium,https://huggingface.co/datasets/scifact,source_dataset=scifact;config=claims;split=train
scifact-1128,T cell receptor /CD3 microdomains are required to induce the immunologic synapse.,SUPPORTED,science,medium,https://huggingface.co/datasets/scifact,source_dataset=scifact;config=claims;split=train
scifact-812,Mutant mice lacking SVCT2 have severely reduced ascorbic acid levels in both brain and adrenals.,SUPPORTED,science,medium,https://huggingface.co/datasets/scifact,source_dataset=scifact;config=claims;split=train
scifact-632,Inhibiting focal adhesion formation enables cells to convert mechanical strain into eventual scarring.,REFUTED,science,medium,https://huggingface.co/datasets/scifact,source_dataset=scifact;config=claims;split=train
scifact-498,Having a main partner worsens HIV outcomes.,REFUTED,science,easy,https://huggingface.co/datasets/scifact,source_dataset=scifact;config=claims;split=train
scifact-860,Normal granulomas form in the absence of TNF in Zebrafish.,SUPPORTED,science,easy,https://huggingface.co/datasets/scifact,source_dataset=scifact;config=claims;split=train
scifact-172,Basophils promote disease development in patients with systemic lupus erythematosus (SLE).,SUPPORTED,science,medium,https://huggingface.co/datasets/scifact,source_dataset=scifact;config=claims;split=train
scifact-296,Cyclin A2 destruction is necessary to switch from unstable to stable kt-mt attachments in mitosis.,SUPPORTED,science,medium,https://huggingface.co/datasets/scifact,source_dataset=scifact;config=claims;split=train
scifact-737,MICAL redox enzymes regulate actin dynamics in many cell types.,SUPPORTED,science,easy,https://huggingface.co/datasets/scifact,source_dataset=scifact;config=claims;split=train
scifact-123,Antiretroviral therapy increases rates of tuberculosis across a broad range of CD4 strata.,REFUTED,science,medium,https://huggingface.co/datasets/scifact,source_dataset=scifact;config=claims;split=train
scifact-901,PCSK9 inhibitors decrease plasma Lp(a) levels.,SUPPORTED,science,easy,https://huggingface.co/datasets/scifact,source_dataset=scifact;config=claims;split=train
scifact-371,Egr3 regulates the homeostasis of B and T cells.,SUPPORTED,science,easy,https://huggingface.co/datasets/scifact,source_dataset=scifact;config=claims;split=train
scifact-6,10% of sudden infant death syndrome (SIDS) deaths happen in newborns aged less than 6 months.,NEI,science,medium,https://huggingface.co/datasets/scifact,source_dataset=scifact;config=claims;split=train
scifact-44,A mutation in HNF4A leads to an increased risk of developing diabetes by the age of 14 years.,SUPPORTED,science,medium,https://huggingface.co/datasets/scifact,source_dataset=scifact;config=claims;split=train
scifact-1297,There was an estimated 30 million cases of pneumonia in young children worldwide in 2010.,SUPPORTED,science,medium,https://huggingface.co/datasets/scifact,source_dataset=scifact;config=claims;split=train
scifact-962,Post-transcriptional handling of mitochondrial transcripts occurs in mitochondrial RNA granules.,SUPPORTED,science,easy,https://huggingface.co/datasets/scifact,source_dataset=scifact;config=claims;split=train
scifact-1119,Sympathetic nerve activity is elevated throughout normal pregnancy.,SUPPORTED,science,easy,https://huggingface.co/datasets/scifact,source_dataset=scifact;config=claims;split=train
scifact-992,Pyridostatin deregulates G2/M progression.,SUPPORTED,science,easy,https://huggingface.co/datasets/scifact,source_dataset=scifact;config=claims;split=train
scifact-96,Algerian physicians constitue the largest component of sub-Saharan Africa-trained physicians in the United States.,NEI,science,medium,https://huggingface.co/datasets/scifact,source_dataset=scifact;config=claims;split=train
scifact-55,AMP-activated protein kinase (AMPK) activation reduces inflammation-related fibrosis in the lungs.,SUPPORTED,science,medium,https://huggingface.co/datasets/scifact,source_dataset=scifact;config=claims;split=train
scifact-1212,The deregulated and prolonged activation of monocytes has deleterious effects in chronic infectious conditions.,NEI,science,medium,https://huggingface.co/datasets/scifact,source_dataset=scifact;config=claims;split=train
scifact-1220,The generation of reactive oxygen species by activated oncogenes contributes to the increased genomic instability of leukaemia cells.,SUPPORTED,science,medium,https://huggingface.co/datasets/scifact,source_dataset=scifact;config=claims;split=train
scifact-563,"In British Men, haplogroup I decreases risk of cardiovascular disease.",REFUTED,science,easy,https://huggingface.co/datasets/scifact,source_dataset=scifact;config=claims;split=train
scifact-574,"In domesticated populations of Saccharomyces cerevisiae, segmental aneuploidy occurs infrequently.",NEI,science,easy,https://huggingface.co/datasets/scifact,source_dataset=scifact;config=claims;split=train
scifact-1004,RANK-RANKL pathway signalling has no known association with development of Aire-expressing medullary thymic epithelial cells.,REFUTED,science,medium,https://huggingface.co/datasets/scifact,source_dataset=scifact;config=claims;split=train
scifact-1098,Stacking is more stable when a purine is present in the +5 position (C1698).,NEI,science,medium,https://huggingface.co/datasets/scifact,source_dataset=scifact;config=claims;split=train
scifact-736,MFGE8 regulates fat absorption by binding to av-Beta3 and av-Beta5 integrins.,SUPPORTED,science,medium,https://huggingface.co/datasets/scifact,source_dataset=scifact;config=claims;split=train
scifact-789,Microglia are an innate immune cell type of the central nervous system.,SUPPORTED,science,medium,https://huggingface.co/datasets/scifact,source_dataset=scifact;config=claims;split=train
scifact-221,Ca2+ cycling is a UCP1-dependent thermogenic mechanism.,REFUTED,science,easy,https://huggingface.co/datasets/scifact,source_dataset=scifact;config=claims;split=train
scifact-378,Energy balance requires hypothalamic glutamate neurotransmission.,SUPPORTED,science,easy,https://huggingface.co/datasets/scifact,source_dataset=scifact;config=claims;split=train
scifact-828,NAC inhibits the generation of angiotensin-converting enzyme.,NEI,science,easy,https://huggingface.co/datasets/scifact,source_dataset=scifact;config=claims;split=train
scifact-227,Cancers that initially benefit from epidermal growth factor receptor targeted therapies later become refractory through several mechanisms.,SUPPORTED,science,medium,https://huggingface.co/datasets/scifact,source_dataset=scifact;config=claims;split=train
scifact-681,Lack of FGF21 in mice leads to atherosclerotic plaque formation.,SUPPORTED,science,easy,https://huggingface.co/datasets/scifact,source_dataset=scifact;config=claims;split=train
scifact-331,Deltex interacts with eIF3. There is no known interaction between Deltex and elF3,REFUTED,science,medium,https://huggingface.co/datasets/scifact,source_dataset=scifact;config=claims;split=train
scifact-309,DUSP4 increases apoptosis.,SUPPORTED,science,easy,https://huggingface.co/datasets/scifact,source_dataset=scifact;config=claims;split=train
scifact-166,Bariatric surgery leads to negative outcomes in mental health.,REFUTED,science,easy,https://huggingface.co/datasets/scifact,source_dataset=scifact;config=claims;split=train
scifact-633,Inhibiting focal adhesion formation increases the rate at which cells convert mechanical strain into inflammation and fibrosis.,REFUTED,science,medium,https://huggingface.co/datasets/scifact,source_dataset=scifact;config=claims;split=train
scifact-861,Normal granulomas form in the presence of TNF in Zebrafish.,REFUTED,science,easy,https://huggingface.co/datasets/scifact,source_dataset=scifact;config=claims;split=train
scifact-108,Amitriptyline is an effective treatment for chronic tension-type headaches.,SUPPORTED,science,easy,https://huggingface.co/datasets/scifact,source_dataset=scifact;config=claims;split=train
scifact-1228,The mean suicide rate in women is lower after miscarriage than live birth.,REFUTED,science,medium,https://huggingface.co/datasets/scifact,source_dataset=scifact;config=claims;split=train
scifact-1173,The PDPN gene deactivates the C-type lectin receptor (CLEC-2).,REFUTED,science,easy,https://huggingface.co/datasets/scifact,source_dataset=scifact;config=claims;split=train
scifact-138,Asymptomatic visual impairment screening in elderly populations leads to improved vision.,REFUTED,science,medium,https://huggingface.co/datasets/scifact,source_dataset=scifact;config=claims;split=train
scifact-1004,RANK-RANKL pathway signalling has no known association with development of Aire-expressing medullary thymic epithelial cells.,REFUTED,science,medium,https://huggingface.co/datasets/scifact,source_dataset=scifact;config=claims;split=train
scifact-106,Ambulatory blood pressure monitoring is inaccurate at diagnosing hypertension.,REFUTED,science,easy,https://huggingface.co/datasets/scifact,source_dataset=scifact;config=claims;split=train
scifact-765,Medications to treat obesity do not have side effects.,REFUTED,science,easy,https://huggingface.co/datasets/scifact,source_dataset=scifact;config=claims;split=train
scifact-341,Diabetes remission occurs more in people treated with conventional therapy than in people treated with laparoscopic adjustable gastric banding surgery.,REFUTED,science,medium,https://huggingface.co/datasets/scifact,source_dataset=scifact;config=claims;split=train
scifact-635,Inhibiting glucose-6-phospate dehydrogenase improves lipogenesis by deactivating LKB1-AMPK signaling.,REFUTED,science,easy,https://huggingface.co/datasets/scifact,source_dataset=scifact;config=claims;split=train
scifact-952,Pioglitazone use is not associated with an increased risk of prostate cancer.,REFUTED,science,medium,https://huggingface.co/datasets/scifact,source_dataset=scifact;config=claims;split=train
scifact-766,Medications to treat obesity have unwanted side effects.,SUPPORTED,science,easy,https://huggingface.co/datasets/scifact,source_dataset=scifact;config=claims;split=train
scifact-12,40mg/day dosage of folic acid and 2mg/day dosage of vitamin B12 does not affect chronic kidney disease (CKD) progression.,SUPPORTED,science,medium,https://huggingface.co/datasets/scifact,source_dataset=scifact;config=claims;split=train
scifact-1372,Walking in traffic areas in London did not improve lung function in elderly adults.,SUPPORTED,science,medium,https://huggingface.co/datasets/scifact,source_dataset=scifact;config=claims;split=train
scifact-753,Malaria has a high vectorial capacity.,NEI,science,easy,https://huggingface.co/datasets/scifact,source_dataset=scifact;config=claims;split=train
scifact-942,Phase information is useful for predicting donor-recipient matches in organ transplantation.,SUPPORTED,science,medium,https://huggingface.co/datasets/scifact,source_dataset=scifact;config=claims;split=train
scifact-687,Lamins are found within the inner layer of the nuclear membrane of all cells.,NEI,science,medium,https://huggingface.co/datasets/scifact,source_dataset=scifact;config=claims;split=train
scifact-345,"Differentiated E2f-1, -2, -3 TKO cells in the intestine do not exhibit apoptosis.",NEI,science,medium,https://huggingface.co/datasets/scifact,source_dataset=scifact;config=claims;split=train
scifact-810,"Mouse models can be generated using ""artificial spermatids.""",SUPPORTED,science,easy,https://huggingface.co/datasets/scifact,source_dataset=scifact;config=claims;split=train
scifact-624,Induced hepatic stem cells possess the potential to differentiate into cholangiocytic cells.,SUPPORTED,science,medium,https://huggingface.co/datasets/scifact,source_dataset=scifact;config=claims;split=train
scifact-965,Prescribed exercise training improves quality of life.,SUPPORTED,science,easy,https://huggingface.co/datasets/scifact,source_dataset=scifact;config=claims;split=train
scifact-494,HSCT-T dosage may not be diagnostic if the onset of symptoms occurs less than 3 hours before AMI.,NEI,science,medium,https://huggingface.co/datasets/scifact,source_dataset=scifact;config=claims;split=train
scifact-1119,Sympathetic nerve activity is elevated throughout normal pregnancy.,SUPPORTED,science,easy,https://huggingface.co/datasets/scifact,source_dataset=scifact;config=claims;split=train
scifact-333,Depletion of T-helper 17 (Th17) cells during simian immunodeficiency virus (SIV) infection increases dissemination of Salmonella Typhimurium from the gut.,SUPPORTED,science,medium,https://huggingface.co/datasets/scifact,source_dataset=scifact;config=claims;split=train
scifact-397,Exercise reduces cancer mortality rates among Chinese citizens.,SUPPORTED,science,easy,https://huggingface.co/datasets/scifact,source_dataset=scifact;config=claims;split=train
scifact-267,Cognitive behavioral therapy is an ineffective treatment for insomnia,REFUTED,science,easy,https://huggingface.co/datasets/scifact,source_dataset=scifact;config=claims;split=train
scifact-1004,RANK-RANKL pathway signalling has no known association with development of Aire-expressing medullary thymic epithelial cells.,REFUTED,science,medium,https://huggingface.co/datasets/scifact,source_dataset=scifact;config=claims;split=train
scifact-1084,Side effects associated with antidepressants increases risk of stroke.,SUPPORTED,science,easy,https://huggingface.co/datasets/scifact,source_dataset=scifact;config=claims;split=train
scifact-1004,RANK-RANKL pathway signalling has no known association with development of Aire-expressing medullary thymic epithelial cells.,REFUTED,science,medium,https://huggingface.co/datasets/scifact,source_dataset=scifact;config=claims;split=train
scifact-378,Energy balance requires hypothalamic glutamate neurotransmission.,SUPPORTED,science,easy,https://huggingface.co/datasets/scifact,source_dataset=scifact;config=claims;split=train
scifact-1322,Transplanted human glial progenitor cells can mature in their host animal.,SUPPORTED,science,medium,https://huggingface.co/datasets/scifact,source_dataset=scifact;config=claims;split=train
scifact-1045,Rhythmic expression of Cry1 translates directly into a circadian regulation of cAMP signaling in hepatic glucose metabolism.,SUPPORTED,science,medium,https://huggingface.co/datasets/scifact,source_dataset=scifact;config=claims;split=train
scifact-576,"In melanoma, anti-CTLA-4 treatment reinvigorates exhausted PD-1+Eomes+CD8 T cells.",SUPPORTED,science,easy,https://huggingface.co/datasets/scifact,source_dataset=scifact;config=claims;split=train
scifact-228,Cardiac tissue-resident macrophages directly contribute to electrical activity.,SUPPORTED,science,easy,https://huggingface.co/datasets/scifact,source_dataset=scifact;config=claims;split=train
scifact-617,Increased mobility of retrotransposons is assosciated with mutation and higher tumorigenesis rates.,NEI,science,medium,https://huggingface.co/datasets/scifact,source_dataset=scifact;config=claims;split=train
scifact-77,Active Ly49Q prevents neutrophil polarization.,REFUTED,science,easy,https://huggingface.co/datasets/scifact,source_dataset=scifact;config=claims;split=train
scifact-104,Allogeneic mechanical circulatory support is not as effective as autologous mechanical circulatory support for treating acute myocardial infarction.,REFUTED,science,medium,https://huggingface.co/datasets/scifact,source_dataset=scifact;config=claims;split=train
scifact-647,Integrated care is ineffective at tackling multiple comorbidities.,REFUTED,science,easy,https://huggingface.co/datasets/scifact,source_dataset=scifact;config=claims;split=train
scifact-709,Long chain polyunsaturated fatty acids supplementation is associated with lower rates of atopic eczema at 1 year.,SUPPORTED,science,medium,https://huggingface.co/datasets/scifact,source_dataset=scifact;config=claims;split=train
scifact-1325,Treatment with the EC uptake inhibitor AM404 resulted in a dose-dependent decrease in the expression of immobility.,NEI,science,medium,https://huggingface.co/datasets/scifact,source_dataset=scifact;config=claims;split=train
scifact-14,5'-nucleotidase metabolizes 6MP.,NEI,science,easy,https://huggingface.co/datasets/scifact,source_dataset=scifact;config=claims;split=train
scifact-77,Active Ly49Q prevents neutrophil polarization.,REFUTED,science,easy,https://huggingface.co/datasets/scifact,source_dataset=scifact;config=claims;split=train
scifact-877,Occipital activation levels are associated with auditory spatial performance in parietal regions of the brain.,NEI,science,medium,https://huggingface.co/datasets/scifact,source_dataset=scifact;config=claims;split=train
scifact-1053,Rising temperatures caused by global warming lowers the risk of dengue fever transmission.,NEI,science,medium,https://huggingface.co/datasets/scifact,source_dataset=scifact;config=claims;split=train
scifact-1181,The RANK-RANK-Ligand (RANKL) pathway is involved in the development of Aire-expressing medullary thymic epithelial cells (mTECs).,SUPPORTED,science,medium,https://huggingface.co/datasets/scifact,source_dataset=scifact;config=claims;split=train
scifact-341,Diabetes remission occurs more in people treated with conventional therapy than in people treated with laparoscopic adjustable gastric banding surgery.,REFUTED,science,medium,https://huggingface.co/datasets/scifact,source_dataset=scifact;config=claims;split=train
scifact-740,MUC1-C activates the NF-κB p65 signaling pathway by interacting with IκB kinase ß.,SUPPORTED,science,medium,https://huggingface.co/datasets/scifact,source_dataset=scifact;config=claims;split=train
scifact-774,Mice defective for deoxyribonucleic acid (DNA) polymerase I (polI) fail to reveal increased sensitivity to ionizing radiation (IR).,NEI,science,medium,https://huggingface.co/datasets/scifact,source_dataset=scifact;config=claims;split=train
scifact-123,Antiretroviral therapy increases rates of tuberculosis across a broad range of CD4 strata.,REFUTED,science,medium,https://huggingface.co/datasets/scifact,source_dataset=scifact;config=claims;split=train
scifact-435,Foxp3 represses the expression of transcriptional regulators implicated in memory T cell development.,NEI,science,medium,https://huggingface.co/datasets/scifact,source_dataset=scifact;config=claims;split=train
scifact-1120,Sympathetic nerve activity is reduced throughout normal pregnancy.,REFUTED,science,easy,https://huggingface.co/datasets/scifact,source_dataset=scifact;config=claims;split=train
scifact-265,Clathrin stabilizes the spindle fiber apparatus during mitosis.,SUPPORTED,science,easy,https://huggingface.co/datasets/scifact,source_dataset=scifact;config=claims;split=train
scifact-1105,Students who perform poorly in the early years of medical school are at increased risk for professional misconduct later in their careers.,SUPPORTED,science,hard,https://huggingface.co/datasets/scifact,source_dataset=scifact;config=claims;split=train
scifact-826,NAC destabilizes NO to increase the effect of contrast agents on renal functions.,NEI,science,medium,https://huggingface.co/datasets/scifact,source_dataset=scifact;config=claims;split=train
scifact-771,Metastatic colorectal cancer treated with a single agent fluoropyrimidines resulted in similar efficacy and better quality of life when compared with oxaliplatin-based chemotherapy in elderly patients.,REFUTED,science,hard,https://huggingface.co/datasets/scifact,source_dataset=scifact;config=claims;split=train
scifact-1374,Weighed food records (WFR) result in high completion since they're cheap to run and impose low participant burden.,NEI,science,medium,https://huggingface.co/datasets/scifact,source_dataset=scifact;config=claims;split=train
scifact-293,Crossover hot spots are found within gene promoters in Saccharomyces cerevisiae.,NEI,science,medium,https://huggingface.co/datasets/scifact,source_dataset=scifact;config=claims;split=train
scifact-1261,The removal of reactive oxygen species by activated oncogenes contributes to the increased genomic instability of leukaemia cells.,REFUTED,science,medium,https://huggingface.co/datasets/scifact,source_dataset=scifact;config=claims;split=train
scifact-601,Including pharmacists in rounding teams reduces the incidence of adverse drug events (ADEs).,SUPPORTED,science,medium,https://huggingface.co/datasets/scifact,source_dataset=scifact;config=claims;split=train
scifact-648,Integrated care is successful at tackling multiple comorbidities.,SUPPORTED,science,easy,https://huggingface.co/datasets/scifact,source_dataset=scifact;config=claims;split=train
scifact-667,Klf2 is important for proper myeloid cell function.,SUPPORTED,science,easy,https://huggingface.co/datasets/scifact,source_dataset=scifact;config=claims;split=train
scifact-760,Mathematical models predict that using Artemisinin-based combination therapy over nongametocytocidal drugs have only a modest impact in reducing malaria transmission.,SUPPORTED,science,medium,https://huggingface.co/datasets/scifact,source_dataset=scifact;config=claims;split=train
scifact-1340,Ultrasound guidance significantly reduces the number of needle insertion attempts necessary for a given procedure.,SUPPORTED,science,medium,https://huggingface.co/datasets/scifact,source_dataset=scifact;config=claims;split=train
scifact-85,Adult tissue-resident macrophages are seeded before birth.,SUPPORTED,science,easy,https://huggingface.co/datasets/scifact,source_dataset=scifact;config=claims;split=train
scifact-705,Long chain polyunsaturated fatty acids supplementation has no significant effects on wheezing or asthma at 3 and 6 years.,NEI,science,medium,https://huggingface.co/datasets/scifact,source_dataset=scifact;config=claims;split=train
scifact-40,"A diminished ovarian reserve is a very strong indicator of infertility, even in an a priori non-infertile population.",REFUTED,science,medium,https://huggingface.co/datasets/scifact,source_dataset=scifact;config=claims;split=train
scifact-670,Knockout proximal tubule-specific deletion of the BMP receptor Alk3 causes epithelial damage.,SUPPORTED,science,medium,https://huggingface.co/datasets/scifact,source_dataset=scifact;config=claims;split=train
scifact-1351,Upregulation of dynein in Drosophila neurons increases the number of microtubule plus-ends growing toward the cell body of each neuron.,REFUTED,science,medium,https://huggingface.co/datasets/scifact,source_dataset=scifact;config=claims;split=train
scifact-267,Cognitive behavioral therapy is an ineffective treatment for insomnia,REFUTED,science,easy,https://huggingface.co/datasets/scifact,source_dataset=scifact;config=claims;split=train
scifact-652,"Interferon stimulated genes (ISGs) Irf1, Irg1, Ifi27, and Rsad2 inhibit West Nile virus replication in cortical neurons.",NEI,science,medium,https://huggingface.co/datasets/scifact,source_dataset=scifact;config=claims;split=train
scifact-1005,RANK-RANKL pathway signalling is linked to development of Aire-expressing medullary thymic epithelial cells.,SUPPORTED,science,medium,https://huggingface.co/datasets/scifact,source_dataset=scifact;config=claims;split=train
scifact-1069,Scapular stabilizer exercises are more effective than general exercise therapy in reducing pain and improving function of the shoulder.,SUPPORTED,science,medium,https://huggingface.co/datasets/scifact,source_dataset=scifact;config=claims;split=train
scifact-112,Angiotensin converting enzyme inhibitors are associated with decreased risk for functional renal insufficiency.,REFUTED,science,medium,https://huggingface.co/datasets/scifact,source_dataset=scifact;config=claims;split=train
scifact-448,Gastric infection with Helicobacter pylori increases risk of gastric cancer in humans.,SUPPORTED,science,medium,https://huggingface.co/datasets/scifact,source_dataset=scifact;config=claims;split=train
scifact-263,Citrullinated proteins externalized in neutrophil extracellular traps act indirectly to disrupt the inflammatory cycle.,REFUTED,science,medium,https://huggingface.co/datasets/scifact,source_dataset=scifact;config=claims;split=train
scifact-1166,The H2A-H2B eviction defect is compensated for by other histone chaperone(s).,NEI,science,medium,https://huggingface.co/datasets/scifact,source_dataset=scifact;config=claims;split=train
scifact-778,Mice lacking Sirt1 in Sf1-expressing neurons are immune to diet-induced obesity and insulin resistance.,REFUTED,science,medium,https://huggingface.co/datasets/scifact,source_dataset=scifact;config=claims;split=train
scifact-71,Activation of the Rac1 homolog CED-10 kills viable cells in SRGP-1 mutant Caenorhabditis elegans.,SUPPORTED,science,medium,https://huggingface.co/datasets/scifact,source_dataset=scifact;config=claims;split=train
scifact-670,Knockout proximal tubule-specific deletion of the BMP receptor Alk3 causes epithelial damage.,SUPPORTED,science,medium,https://huggingface.co/datasets/scifact,source_dataset=scifact;config=claims;split=train
scifact-73,Activator-inhibitor pairs are provided ventrally by Xrl-sizzled.,NEI,science,easy,https://huggingface.co/datasets/scifact,source_dataset=scifact;config=claims;split=train
scifact-201,CD28 signals regulate trafficking of murine auto-reactive T cells into target tissues.,SUPPORTED,science,medium,https://huggingface.co/datasets/scifact,source_dataset=scifact;config=claims;split=train
scifact-973,Primary cervical cytology screening with HPV detection has higher longitudinal sensitivity to detect severe cervical intraepithelial neoplasia than conventional cytology.,SUPPORTED,science,medium,https://huggingface.co/datasets/scifact,source_dataset=scifact;config=claims;split=train
scifact-85,Adult tissue-resident macrophages are seeded before birth.,SUPPORTED,science,easy,https://huggingface.co/datasets/scifact,source_dataset=scifact;config=claims;split=train
scifact-580,"In pediatric tissue, most T cells are naive T cell emigrants from the thymus.",SUPPORTED,science,medium,https://huggingface.co/datasets/scifact,source_dataset=scifact;config=claims;split=train
scifact-1103,Stroke patients with prior use of direct oral anticoagulants have a higher risk of in-hospital mortality than stroke patients with prior use of warfarin.,REFUTED,science,hard,https://huggingface.co/datasets/scifact,source_dataset=scifact;config=claims;split=train
scifact-1224,The latent infection of myeloid cells with human cytomegalovirus induces a number of changes in gene expression.,SUPPORTED,science,medium,https://huggingface.co/datasets/scifact,source_dataset=scifact;config=claims;split=train
scifact-611,Increased lipolysis leads to higher P38 phosphorylation in adipose tissue.,NEI,science,easy,https://huggingface.co/datasets/scifact,source_dataset=scifact;config=claims;split=train
scifact-976,Primary pro-inflammatory cytokines suppress secondary pro- and anti-inflammatory mediators.,NEI,science,easy,https://huggingface.co/datasets/scifact,source_dataset=scifact;config=claims;split=train
scifact-1043,Retinoic acid receptor-related orphan receptor gamma (RORγ) is a therapeutic target for castration-resistant prostate cancer (CRPC),SUPPORTED,science,medium,https://huggingface.co/datasets/scifact,source_dataset=scifact;config=claims;split=train
scifact-1276,The tissue surrounding the granuloma in an immune cell induces an anti-inflammatory immune response.,SUPPORTED,science,medium,https://huggingface.co/datasets/scifact,source_dataset=scifact;config=claims;split=train
scifact-542,"IFI16 impedes STING phosphorylation and translocation, resulting in reduced activation of STING.",REFUTED,science,medium,https://huggingface.co/datasets/scifact,source_dataset=scifact;config=claims;split=train
scifact-667,Klf2 is important for proper myeloid cell function.,SUPPORTED,science,easy,https://huggingface.co/datasets/scifact,source_dataset=scifact;config=claims;split=train
scifact-1406,β-sheet opening occurs during pleurotolysin pore formation.,SUPPORTED,science,easy,https://huggingface.co/datasets/scifact,source_dataset=scifact;config=claims;split=train
scifact-61,ART substantially reduces infectiveness of HIV-positive people.,SUPPORTED,science,easy,https://huggingface.co/datasets/scifact,source_dataset=scifact;config=claims;split=train
scifact-356,Dscam1 acts as a hypervariable pattern-recognition receptor for the immune system.,SUPPORTED,science,medium,https://huggingface.co/datasets/scifact,source_dataset=scifact;config=claims;split=train
scifact-1247,The origin of the CRF01_1b2k protein occurred between 1923 and 1956.,NEI,science,medium,https://huggingface.co/datasets/scifact,source_dataset=scifact;config=claims;split=train
scifact-64,ATM and Rad3 related protein have no role in sensing DNA damage.,NEI,science,medium,https://huggingface.co/datasets/scifact,source_dataset=scifact;config=claims;split=train
scifact-622,Individuals with low serum vitamin D concentrations have decreased risk of multiple sclerosis.,NEI,science,medium,https://huggingface.co/datasets/scifact,source_dataset=scifact;config=claims;split=train
scifact-856,Nonsteroidal antinflammatory drugs are ineffective as cancer treatments.,REFUTED,science,easy,https://huggingface.co/datasets/scifact,source_dataset=scifact;config=claims;split=train
scifact-663,KLF4 is necessary for VSMCs to gain genetic characteristics of other cell types within atherosclerotic lesions.,SUPPORTED,science,medium,https://huggingface.co/datasets/scifact,source_dataset=scifact;config=claims;split=train
scifact-61,ART substantially reduces infectiveness of HIV-positive people.,SUPPORTED,science,easy,https://huggingface.co/datasets/scifact,source_dataset=scifact;config=claims;split=train
scifact-1105,Students who perform poorly in the early years of medical school are at increased risk for professional misconduct later in their careers.,SUPPORTED,science,hard,https://huggingface.co/datasets/scifact,source_dataset=scifact;config=claims;split=train
scifact-235,Cell autonomous sex determination in somatic cells occurs in Galliformes.,SUPPORTED,science,easy,https://huggingface.co/datasets/scifact,source_dataset=scifact;config=claims;split=train
scifact-340,Diabetes remission occurs less in people treated with conventional therapy than in people treated with laparoscopic adjustable gastric banding surgery.,SUPPORTED,science,medium,https://huggingface.co/datasets/scifact,source_dataset=scifact;config=claims;split=train
scifact-203,CD44v6 is not associated with constitutive and reprogrammed cancer stem cells driving cancer metastasis.,REFUTED,science,medium,https://huggingface.co/datasets/scifact,source_dataset=scifact;config=claims;split=train
scifact-166,Bariatric surgery leads to negative outcomes in mental health.,REFUTED,science,easy,https://huggingface.co/datasets/scifact,source_dataset=scifact;config=claims;split=train
scifact-559,Immune responses in immune cells are geographically segregated.,SUPPORTED,science,easy,https://huggingface.co/datasets/scifact,source_dataset=scifact;config=claims;split=train
scifact-1372,Walking in traffic areas in London did not improve lung function in elderly adults.,SUPPORTED,science,medium,https://huggingface.co/datasets/scifact,source_dataset=scifact;config=claims;split=train
scifact-764,Medications to treat obesity are highly effective.,REFUTED,science,easy,https://huggingface.co/datasets/scifact,source_dataset=scifact;config=claims;split=train
scifact-1346,"Upon developing tyrosine-kinase inhibitor resistance, new mutations in epidermal growth factor receptors emerge and cause treatment failure.",SUPPORTED,science,medium,https://huggingface.co/datasets/scifact,source_dataset=scifact;config=claims;split=train
scifact-1120,Sympathetic nerve activity is reduced throughout normal pregnancy.,REFUTED,science,easy,https://huggingface.co/datasets/scifact,source_dataset=scifact;config=claims;split=train
scifact-855,Noninvasive positive pressure ventilation is not predictive of acute respiratory failure after solid organ transplantation.,REFUTED,science,medium,https://huggingface.co/datasets/scifact,source_dataset=scifact;config=claims;split=train
scifact-1096,Specialized functional cell types can be derived from human pluripotent stem cells.,NEI,science,medium,https://huggingface.co/datasets/scifact,source_dataset=scifact;config=claims;split=train
scifact-799,Moderate consumption of candy and chocolate reduces the risk of cardiovascular disease (CVD).,NEI,science,medium,https://huggingface.co/datasets/scifact,source_dataset=scifact;config=claims;split=train
scifact-1334,Type 1 Diabetes is associated with subtle perturbations in T reg development.,SUPPORTED,science,medium,https://huggingface.co/datasets/scifact,source_dataset=scifact;config=claims;split=train
scifact-1311,"Trans-acting factors, such as lncRNAs, influence mRNA translation.",SUPPORTED,science,easy,https://huggingface.co/datasets/scifact,source_dataset=scifact;config=claims;split=train
scifact-509,Hematopoietic Stem Cell purification reaches purity rates above 90%.,NEI,science,easy,https://huggingface.co/datasets/scifact,source_dataset=scifact;config=claims;split=train
scifact-923,Patients in stable partnerships have a slower progression from HIV to AIDS.,SUPPORTED,science,medium,https://huggingface.co/datasets/scifact,source_dataset=scifact;config=claims;split=train
scifact-923,Patients in stable partnerships have a slower progression from HIV to AIDS.,SUPPORTED,science,medium,https://huggingface.co/datasets/scifact,source_dataset=scifact;config=claims;split=train
scifact-1047,Ribosome-inactivating protein-2 (RIP-2) interacts with the p75 NTR death domain,NEI,science,easy,https://huggingface.co/datasets/scifact,source_dataset=scifact;config=claims;split=train
scifact-299,Cytochrome c is transferred from cytosol to the mitochondrial intermembrane space during apoptosis.,REFUTED,science,medium,https://huggingface.co/datasets/scifact,source_dataset=scifact;config=claims;split=train
scifact-428,Forkhead 0 (fox0) transcription factors are involved in cellular differentiation.,SUPPORTED,science,easy,https://huggingface.co/datasets/scifact,source_dataset=scifact;config=claims;split=train
scifact-1119,Sympathetic nerve activity is elevated throughout normal pregnancy.,SUPPORTED,science,easy,https://huggingface.co/datasets/scifact,source_dataset=scifact;config=claims;split=train
scifact-4,1-1% of colorectal cancer patients are diagnosed with regional or distant metastases.,NEI,science,medium,https://huggingface.co/datasets/scifact,source_dataset=scifact;config=claims;split=train
scifact-407,FACT and other histone chaperone(s) compensate for Histone 2A (H2A)-histone 2B (H2B) dimer eviction during the histone exchange process.,NEI,science,medium,https://huggingface.co/datasets/scifact,source_dataset=scifact;config=claims;split=train
scifact-174,Beta-band coherence is diminished for visible stimuli over invisible stimuli.,NEI,science,easy,https://huggingface.co/datasets/scifact,source_dataset=scifact;config=claims;split=train
scifact-62,ATF4 is a general endoplasmic reticulum stress marker.,NEI,science,easy,https://huggingface.co/datasets/scifact,source_dataset=scifact;config=claims;split=train
scifact-1387,"eRNAs influence is linked to senescence, aging, and carcinogenesis.",NEI,science,easy,https://huggingface.co/datasets/scifact,source_dataset=scifact;config=claims;split=train
scifact-1323,Treatment with a protein named FN impairs regenerative abilities of aged muscles.,REFUTED,science,medium,https://huggingface.co/datasets/scifact,source_dataset=scifact;config=claims;split=train
scifact-485,H4 G94P proteins induce degradation of free histones via Rad53-dependent mechanisms.,NEI,science,medium,https://huggingface.co/datasets/scifact,source_dataset=scifact;config=claims;split=train
scifact-1103,Stroke patients with prior use of direct oral anticoagulants have a higher risk of in-hospital mortality than stroke patients with prior use of warfarin.,REFUTED,science,hard,https://huggingface.co/datasets/scifact,source_dataset=scifact;config=claims;split=train
scifact-1174,The PPR MDA5 has twenty N-terminal CARD domains.,NEI,science,easy,https://huggingface.co/datasets/scifact,source_dataset=scifact;config=claims;split=train
scifact-951,Piezo1 channels are sensors for cell migration in epithelial cells.,SUPPORTED,science,easy,https://huggingface.co/datasets/scifact,source_dataset=scifact;config=claims;split=train
scifact-371,Egr3 regulates the homeostasis of B and T cells.,SUPPORTED,science,easy,https://huggingface.co/datasets/scifact,source_dataset=scifact;config=claims;split=train
scifact-537,Hypocretin neurones suppress panicprone state in rats.,REFUTED,science,easy,https://huggingface.co/datasets/scifact,source_dataset=scifact;config=claims;split=train
scifact-1400,p75 NTR - associated cell death executor (NADE) interacts with the p75 NTR death domain,NEI,science,medium,https://huggingface.co/datasets/scifact,source_dataset=scifact;config=claims;split=train
scifact-35,A deficiency of vitamin B12 decreases blood levels of homocysteine.,NEI,science,easy,https://huggingface.co/datasets/scifact,source_dataset=scifact;config=claims;split=train
scifact-105,Alteration of origin firing causes changes in termination zones of Okazaki fragments.,REFUTED,science,medium,https://huggingface.co/datasets/scifact,source_dataset=scifact;config=claims;split=train
scifact-210,COPI coatmer is involved in lipid homeostasis.,SUPPORTED,science,easy,https://huggingface.co/datasets/scifact,source_dataset=scifact;config=claims;split=train
scifact-1005,RANK-RANKL pathway signalling is linked to development of Aire-expressing medullary thymic epithelial cells.,SUPPORTED,science,medium,https://huggingface.co/datasets/scifact,source_dataset=scifact;config=claims;split=train
scifact-160,Bacterial meningitis can be diagnosed on the basis of positive cerebrospinal fluid (CSF) cultures.,SUPPORTED,science,medium,https://huggingface.co/datasets/scifact,source_dataset=scifact;config=claims;split=train
scifact-570,"In breast cancer, the loss of myoepithelial cells promotes the transition of ductal carcinoma in situ to invasive carcinoma.",SUPPORTED,science,medium,https://huggingface.co/datasets/scifact,source_dataset=scifact;config=claims;split=train
scifact-1046,Ribosomal protein (RP) expression is controlled in part by stress-activated regulators.,NEI,science,medium,https://huggingface.co/datasets/scifact,source_dataset=scifact;config=claims;split=train
scifact-1176,The PRDM1 gene is a key determinant of primordial germ cells.,SUPPORTED,science,medium,https://huggingface.co/datasets/scifact,source_dataset=scifact;config=claims;split=train
scifact-396,Exercise increases cancer mortality rates among Chinese citizens.,REFUTED,science,easy,https://huggingface.co/datasets/scifact,source_dataset=scifact;config=claims;split=train
scifact-1289,There is a relation between Erythromycin use and hypertrophic pyloric stenosis.,SUPPORTED,science,medium,https://huggingface.co/datasets/scifact,source_dataset=scifact;config=claims;split=train
scifact-330,Deltex has no known interactions with eIF3f.,REFUTED,science,easy,https://huggingface.co/datasets/scifact,source_dataset=scifact;config=claims;split=train
scifact-1011,Radioiodine treatment of non-toxic multinodular goitre increases thyroid volume.,REFUTED,science,easy,https://huggingface.co/datasets/scifact,source_dataset=scifact;config=claims;split=train
scifact-1205,The combination of physical examinations with C-reactive protein values do not improve the accuracy of radiographic verified pneumonia predictions.,REFUTED,science,medium,https://huggingface.co/datasets/scifact,source_dataset=scifact;config=claims;split=train
scifact-417,Female carriers of the Apolipoprotein E4 (APOE4) allele have shorter lifetime exposure to estrogen due to a decreased reproductive period.,REFUTED,science,medium,https://huggingface.co/datasets/scifact,source_dataset=scifact;config=claims;split=train
scifact-568,"In a naive state, blocking Wingless-Int-1 secretion from mouse embryonic stem cells inhibits self-renewal of the mouse embryonic stem cells.",SUPPORTED,science,medium,https://huggingface.co/datasets/scifact,source_dataset=scifact;config=claims;split=train
scifact-235,Cell autonomous sex determination in somatic cells occurs in Galliformes.,SUPPORTED,science,easy,https://huggingface.co/datasets/scifact,source_dataset=scifact;config=claims;split=train
scifact-780,Mice that lack Interferon-γ or its receptor are highly susceptible to experimental autoimmune myocarditis.,SUPPORTED,science,medium,https://huggingface.co/datasets/scifact,source_dataset=scifact;config=claims;split=train
scifact-941,Pharmacist attendance at ward rounds reduces adverse events in wards.,SUPPORTED,science,easy,https://huggingface.co/datasets/scifact,source_dataset=scifact;config=claims;split=train
scifact-116,Anthrax spores remain deadly until affected areas are decontaminated.,SUPPORTED,science,easy,https://huggingface.co/datasets/scifact,source_dataset=scifact;config=claims;split=train
scifact-210,COPI coatmer is involved in lipid homeostasis.,SUPPORTED,science,easy,https://huggingface.co/datasets/scifact,source_dataset=scifact;config=claims;split=train
scifact-108,Amitriptyline is an effective treatment for chronic tension-type headaches.,SUPPORTED,science,easy,https://huggingface.co/datasets/scifact,source_dataset=scifact;config=claims;split=train
scifact-1056,Rotator cuff exercises are more effective than general exercise therapy in reducing pain and improving function of the shoulder.,SUPPORTED,science,medium,https://huggingface.co/datasets/scifact,source_dataset=scifact;config=claims;split=train
scifact-954,Pioglitazone use is significantly associated with an increased risk of prostate cancer.,SUPPORTED,science,medium,https://huggingface.co/datasets/scifact,source_dataset=scifact;config=claims;split=train
scifact-973,Primary cervical cytology screening with HPV detection has higher longitudinal sensitivity to detect severe cervical intraepithelial neoplasia than conventional cytology.,SUPPORTED,science,medium,https://huggingface.co/datasets/scifact,source_dataset=scifact;config=claims;split=train
scifact-815,Mutations in RIM1 decrease levels of IME1 RNA.,SUPPORTED,science,easy,https://huggingface.co/datasets/scifact,source_dataset=scifact;config=claims;split=train
scifact-989,"Pure neural progenitor cell (NPC) populations can only be obtained from cell cultures that undergo passaging, filtration, or other isolation and cell sorting methods.",NEI,science,hard,https://huggingface.co/datasets/scifact,source_dataset=scifact;config=claims;split=train
scifact-1373,Walking in traffic areas in London improves lung function in elderly adults.,REFUTED,science,medium,https://huggingface.co/datasets/scifact,source_dataset=scifact;config=claims;split=train
scifact-203,CD44v6 is not associated with constitutive and reprogrammed cancer stem cells driving cancer metastasis.,REFUTED,science,medium,https://huggingface.co/datasets/scifact,source_dataset=scifact;config=claims;split=train
scifact-413,Female carriers of the Apolipoprotein E4 (APOE4) allele have decreased risk for dementia.,REFUTED,science,medium,https://huggingface.co/datasets/scifact,source_dataset=scifact;config=claims;split=train
scifact-951,Piezo1 channels are sensors for cell migration in epithelial cells.,SUPPORTED,science,easy,https://huggingface.co/datasets/scifact,source_dataset=scifact;config=claims;split=train
scifact-1171,The NF-κB essential modulator gene prevents intestinal inflammation by inhibiting receptor-interacting protein (RIP) kinase 1 kinase activity-mediated epithelial cell death.,SUPPORTED,science,medium,https://huggingface.co/datasets/scifact,source_dataset=scifact;config=claims;split=train
scifact-557,Immune complex triggered cell death leads to sequestration of oxidized mitochondrial DNA.,NEI,science,medium,https://huggingface.co/datasets/scifact,source_dataset=scifact;config=claims;split=train
scifact-1073,Sepsis related mortality has risen from 2009 to 2014.,REFUTED,science,easy,https://huggingface.co/datasets/scifact,source_dataset=scifact;config=claims;split=train
scifact-296,Cyclin A2 destruction is necessary to switch from unstable to stable kt-mt attachments in mitosis.,SUPPORTED,science,medium,https://huggingface.co/datasets/scifact,source_dataset=scifact;config=claims;split=train
scifact-486,"H4 G94P proteins inhibit chromatin assembly, which decreases free histones.",NEI,science,easy,https://huggingface.co/datasets/scifact,source_dataset=scifact;config=claims;split=train
scifact-1106,Students who perform poorly in the early years of medical school are less likely to commit professional misconduct later in their careers.,REFUTED,science,hard,https://huggingface.co/datasets/scifact,source_dataset=scifact;config=claims;split=train
scifact-640,"Inside the body, falciparum parasites reproduce asexually.",SUPPORTED,science,easy,https://huggingface.co/datasets/scifact,source_dataset=scifact;config=claims;split=train
scifact-541,Hypothalamic glutamate neurotransmission is unrelated to energy balance.,REFUTED,science,easy,https://huggingface.co/datasets/scifact,source_dataset=scifact;config=claims;split=train
scifact-1161,The DEXI promoter region is bound by multiple transcription factors in a murine haematopoietic progenitor cell line.,NEI,science,medium,https://huggingface.co/datasets/scifact,source_dataset=scifact;config=claims;split=train
scifact-1181,The RANK-RANK-Ligand (RANKL) pathway is involved in the development of Aire-expressing medullary thymic epithelial cells (mTECs).,SUPPORTED,science,medium,https://huggingface.co/datasets/scifact,source_dataset=scifact;config=claims;split=train
scifact-764,Medications to treat obesity are highly effective.,REFUTED,science,easy,https://huggingface.co/datasets/scifact,source_dataset=scifact;config=claims;split=train
scifact-67,Activated Cdk5 phosphorylates the ATM protein in response to DNA damage.,SUPPORTED,science,medium,https://huggingface.co/datasets/scifact,source_dataset=scifact;config=claims;split=train
scifact-139,At least 85% of patients exposed to radiation have activated markers of myofibroblasts.,NEI,science,medium,https://huggingface.co/datasets/scifact,source_dataset=scifact;config=claims;split=train
scifact-523,"Higher plasma levels of I-carnitine, when associated with trimethylamine N-oxide, are negatively correlated with cardiovascular events in humans.",REFUTED,science,medium,https://huggingface.co/datasets/scifact,source_dataset=scifact;config=claims;split=train
scifact-111,Androgenetic haploid mouse embryonic stem cells (ESCs) can be derived and genetically manipulated in vitro.,SUPPORTED,science,medium,https://huggingface.co/datasets/scifact,source_dataset=scifact;config=claims;split=train
scifact-152,B cells go though plasmablast differentiation and antibody production by continuous expression of EBI2.,SUPPORTED,science,medium,https://huggingface.co/datasets/scifact,source_dataset=scifact;config=claims;split=train
scifact-20,7-day-old adult Caenorhabditis elegans exhibit approximately 75% of the learning capacity seen in 1-day old adults.,NEI,science,medium,https://huggingface.co/datasets/scifact,source_dataset=scifact;config=claims;split=train
scifact-1383,aPKCz causes tumour suppression by affecting glutamine metabolism.,SUPPORTED,science,easy,https://huggingface.co/datasets/scifact,source_dataset=scifact;config=claims;split=train
scifact-524,"Higher plasma levels of I-carnitine, when associated with trimethylamine N-oxide, are positively correlated with cardiovascular events in humans.",SUPPORTED,science,medium,https://huggingface.co/datasets/scifact,source_dataset=scifact;config=claims;split=train
scifact-41,A high microerythrocyte count protects against severe anemia in homozygous alpha (+)- thalassemia trait subjects.,SUPPORTED,science,medium,https://huggingface.co/datasets/scifact,source_dataset=scifact;config=claims;split=train
scifact-779,Mice lacking Sirt1 in Sf1-expressing neurons have increased susceptibility to diet-induced obesity and insulin resistance.,SUPPORTED,science,medium,https://huggingface.co/datasets/scifact,source_dataset=scifact;config=claims;split=train
scifact-121,Antimicrobial agents are less effective due to the pressure of antimicrobial usage.,SUPPORTED,science,medium,https://huggingface.co/datasets/scifact,source_dataset=scifact;config=claims;split=train
scifact-505,Helicobacter pylori-induced aberrant NF-kB-dependent expression of activation-induced cytidine deaminase contributes to the mutagenesis of host DNA.,SUPPORTED,science,medium,https://huggingface.co/datasets/scifact,source_dataset=scifact;config=claims;split=train
scifact-566,"In S. cerevisiae, the absence of RNA surveillance pathways reduces sensitivity to high iron conditions.",REFUTED,science,medium,https://huggingface.co/datasets/scifact,source_dataset=scifact;config=claims;split=train
scifact-266,Cnn1 recruitment varies with cell cycle timing.,SUPPORTED,science,easy,https://huggingface.co/datasets/scifact,source_dataset=scifact;config=claims;split=train
scifact-1026,Reduced phosphorylation of PP2A increases HDAC4 dephosphorylation by enhancing PP2A-HDAC4 interaction.,NEI,science,medium,https://huggingface.co/datasets/scifact,source_dataset=scifact;config=claims;split=train
scifact-1169,The M2-phenotype in brown adipose tissue macrophages increases brown adipose tissue thermogenic activity.,SUPPORTED,science,medium,https://huggingface.co/datasets/scifact,source_dataset=scifact;config=claims;split=train
scifact-1004,RANK-RANKL pathway signalling has no known association with development of Aire-expressing medullary thymic epithelial cells.,REFUTED,science,medium,https://huggingface.co/datasets/scifact,source_dataset=scifact;config=claims;split=train
scifact-863,Notch signaling occurs between tumor cells and stromal cells.,SUPPORTED,science,easy,https://huggingface.co/datasets/scifact,source_dataset=scifact;config=claims;split=train
scifact-1304,Tirasemtiv targets cardiac muscle.,NEI,science,easy,https://huggingface.co/datasets/scifact,source_dataset=scifact;config=claims;split=train
scifact-713,Low expression of miR7a does not repress target genes or exert a biological function in ovaries.,NEI,science,medium,https://huggingface.co/datasets/scifact,source_dataset=scifact;config=claims;split=train
scifact-447,Gastric infection with Helicobacter pylori decreases risk of gastric cancer in humans.,REFUTED,science,medium,https://huggingface.co/datasets/scifact,source_dataset=scifact;config=claims;split=train
scifact-482,Guanine nucleotide exchange factors (GEFs) mediate RhoA activation in response to tensional forces on fibronectin-binding integrins.,SUPPORTED,science,medium,https://huggingface.co/datasets/scifact,source_dataset=scifact;config=claims;split=train
scifact-973,Primary cervical cytology screening with HPV detection has higher longitudinal sensitivity to detect severe cervical intraepithelial neoplasia than conventional cytology.,SUPPORTED,science,medium,https://huggingface.co/datasets/scifact,source_dataset=scifact;config=claims;split=train
scifact-1183,The TRaF1/C5 rs10818488 allele polymorphism regulates the neighboring C5 gene.,NEI,science,easy,https://huggingface.co/datasets/scifact,source_dataset=scifact;config=claims;split=train
scifact-1310,Traditional reviews are biased in their interpretations.,NEI,science,easy,https://huggingface.co/datasets/scifact,source_dataset=scifact;config=claims;split=train
scifact-370,Egr2 regulates the homeostasis of B and T cells.,SUPPORTED,science,easy,https://huggingface.co/datasets/scifact,source_dataset=scifact;config=claims;split=train
scifact-1081,Side effects associated with antidepressants do not represent a mortality risk to postmenopausal women.,REFUTED,science,medium,https://huggingface.co/datasets/scifact,source_dataset=scifact;config=claims;split=train
scifact-290,Cost effectiveness evaluations based on cRCT data accurately reflect prices for patients in actual clinical practice.,REFUTED,science,medium,https://huggingface.co/datasets/scifact,source_dataset=scifact;config=claims;split=train
scifact-281,Concentrations of SNV and CNV in stem-cell regulatory elements and binding sites of transcription factors in iPSC-lines are distinct from their founding cells.,NEI,science,hard,https://huggingface.co/datasets/scifact,source_dataset=scifact;config=claims;split=train
scifact-1208,The cytokine receptor which regulates chemotaxis and formation of lymph nodes is involved in production of myeloperoxidase in the left atrium.,NEI,science,hard,https://huggingface.co/datasets/scifact,source_dataset=scifact;config=claims;split=train
scifact-144,Autologous transplantation of mesenchymal stem cells has better graft function than induction therapy with anti-interleukin-2 receptor antibodies.,SUPPORTED,science,medium,https://huggingface.co/datasets/scifact,source_dataset=scifact;config=claims;split=train
scifact-1109,Suboptimal nutrition is a leading cause of premature death,SUPPORTED,science,easy,https://huggingface.co/datasets/scifact,source_dataset=scifact;config=claims;split=train
scifact-178,Birth-weight is negatively associated with breast cancer.,REFUTED,science,easy,https://huggingface.co/datasets/scifact,source_dataset=scifact;config=claims;split=train
scifact-1364,Venules have less significant tunica adventitia than arterioles.,NEI,science,easy,https://huggingface.co/datasets/scifact,source_dataset=scifact;config=claims;split=train
scifact-548,IL-6 signaling plays a major role in atherosclerotic cardiovascular disease.,SUPPORTED,science,easy,https://huggingface.co/datasets/scifact,source_dataset=scifact;config=claims;split=train
scifact-109,An M2-like phenotype in brown adipose tissue macrophages is quickly induced by cold exposure.,SUPPORTED,science,medium,https://huggingface.co/datasets/scifact,source_dataset=scifact;config=claims;split=train
scifact-547,IL-10 production by monocytes inhibits CD4 + T cell response.,SUPPORTED,science,easy,https://huggingface.co/datasets/scifact,source_dataset=scifact;config=claims;split=train
scifact-694,Lice attenuated SIV vaccines induce a stronger antigen-specific T cell response in lymph node cells.,SUPPORTED,science,medium,https://huggingface.co/datasets/scifact,source_dataset=scifact;config=claims;split=train
scifact-848,Nigerian physicians constitue the largest component of sub-Saharan Africa-trained physicians in the United States.,NEI,science,medium,https://huggingface.co/datasets/scifact,source_dataset=scifact;config=claims;split=train
scifact-246,Charcoal shows no benefit for acute paraquat poisoning.,SUPPORTED,science,easy,https://huggingface.co/datasets/scifact,source_dataset=scifact;config=claims;split=train
scifact-40,"A diminished ovarian reserve is a very strong indicator of infertility, even in an a priori non-infertile population.",REFUTED,science,medium,https://huggingface.co/datasets/scifact,source_dataset=scifact;config=claims;split=train
scifact-1114,"Surfactin producing cells and exopolymer producing cells cooperate to generate ""Van Gogh"" bundles that have sliding abilities on specialized media.",SUPPORTED,science,medium,https://huggingface.co/datasets/scifact,source_dataset=scifact;config=claims;split=train
scifact-747,MafA ubiquitination decreases the recruitment of coavtivator P/CAF by MafA.,REFUTED,science,easy,https://huggingface.co/datasets/scifact,source_dataset=scifact;config=claims;split=train
scifact-2,1 in 5 million in UK have abnormal PrP positivity.,REFUTED,science,easy,https://huggingface.co/datasets/scifact,source_dataset=scifact;config=claims;split=train
scifact-1195,The artifactual C-terminal helix swapping in the StART domain is observed in the Ups1-Mdm35 heterodimer of the StARkin superfamily.,NEI,science,medium,https://huggingface.co/datasets/scifact,source_dataset=scifact;config=claims;split=train
scifact-1224,The latent infection of myeloid cells with human cytomegalovirus induces a number of changes in gene expression.,SUPPORTED,science,medium,https://huggingface.co/datasets/scifact,source_dataset=scifact;config=claims;split=train
scifact-366,ERAP1 SNPs are epistatic to HLA alleles for ankylosing spondylitis.,SUPPORTED,science,easy,https://huggingface.co/datasets/scifact,source_dataset=scifact;config=claims;split=train
scifact-866,Nuclear transfer from adult human fibroblasts to human oocytes can give rise to blastocysts containing expandable pluripotent cells.,NEI,science,medium,https://huggingface.co/datasets/scifact,source_dataset=scifact;config=claims;split=train
scifact-1307,Tonic signaling from the scFv induces constitutive stimulation.,NEI,science,easy,https://huggingface.co/datasets/scifact,source_dataset=scifact;config=claims;split=train
scifact-1390,mcm 5 s 2 U is required for proper decoding of NNR codons in eukaryotes.,SUPPORTED,science,medium,https://huggingface.co/datasets/scifact,source_dataset=scifact;config=claims;split=train
scifact-1255,The proliferative capacity of progenitors is regulated cell-autonomously.,SUPPORTED,science,easy,https://huggingface.co/datasets/scifact,source_dataset=scifact;config=claims;split=train
scifact-672,L3MBTL2 binds to H2AK119Ub marked chromatin to form a PRC1 complex.,NEI,science,medium,https://huggingface.co/datasets/scifact,source_dataset=scifact;config=claims;split=train
scifact-228,Cardiac tissue-resident macrophages directly contribute to electrical activity.,SUPPORTED,science,easy,https://huggingface.co/datasets/scifact,source_dataset=scifact;config=claims;split=train
scifact-1142,Taking anti-depresents is associated with a decrease in the Aβ level in the brain of experimental animals.,SUPPORTED,science,medium,https://huggingface.co/datasets/scifact,source_dataset=scifact;config=claims;split=train
scifact-382,Environmentally-induced senescence is mimicked in disease modeling by adding specific molecules to the culture system.,SUPPORTED,science,medium,https://huggingface.co/datasets/scifact,source_dataset=scifact;config=claims;split=train
scifact-1133,TMEM27 is a marker for beta cells.,SUPPORTED,science,easy,https://huggingface.co/datasets/scifact,source_dataset=scifact;config=claims;split=train
scifact-606,Increased conversion of PGE 2 to PPARy ligand 15-ket-PGE 2 causes accumulation of PGE.,NEI,science,medium,https://huggingface.co/datasets/scifact,source_dataset=scifact;config=claims;split=train
scifact-11,4-PBA treatment raises endoplasmic reticulum stress in response to general endoplasmic reticulum stress markers.,NEI,science,medium,https://huggingface.co/datasets/scifact,source_dataset=scifact;config=claims;split=train
scifact-1031,Reduction of Rpl38 alters the composition of the Hox gene mRNAs translation in mice without lowering overall protein synthesis.,SUPPORTED,science,medium,https://huggingface.co/datasets/scifact,source_dataset=scifact;config=claims;split=train
scifact-356,Dscam1 acts as a hypervariable pattern-recognition receptor for the immune system.,SUPPORTED,science,medium,https://huggingface.co/datasets/scifact,source_dataset=scifact;config=claims;split=train
scifact-1000,Pyridostatin stabilizes the G - quadruplex in the telomeric region.,SUPPORTED,science,easy,https://huggingface.co/datasets/scifact,source_dataset=scifact;config=claims;split=train
scifact-668,Klf4 is important for proper myeloid cell differentiation.,SUPPORTED,science,easy,https://huggingface.co/datasets/scifact,source_dataset=scifact;config=claims;split=train
scifact-1407,β1/Ketel is able to bind microtubules.,NEI,science,easy,https://huggingface.co/datasets/scifact,source_dataset=scifact;config=claims;split=train
scifact-1380,Women with a lower birth weight are more likely to develop breast cancer later in life.,REFUTED,science,medium,https://huggingface.co/datasets/scifact,source_dataset=scifact;config=claims;split=train
scifact-1340,Ultrasound guidance significantly reduces the number of needle insertion attempts necessary for a given procedure.,SUPPORTED,science,medium,https://huggingface.co/datasets/scifact,source_dataset=scifact;config=claims;split=train
scifact-1220,The generation of reactive oxygen species by activated oncogenes contributes to the increased genomic instability of leukaemia cells.,SUPPORTED,science,medium,https://huggingface.co/datasets/scifact,source_dataset=scifact;config=claims;split=train
scifact-254,Chinese individuals with TT homozygosity in the MTHFR gene are more vulnerable to strokes caused by low levels of folate intake.,NEI,science,hard,https://huggingface.co/datasets/scifact,source_dataset=scifact;config=claims;split=train
scifact-28,A T helper 2 cell (Th2) environment impedes disease development in patients with systemic lupus erythematosus (SLE).,REFUTED,science,medium,https://huggingface.co/datasets/scifact,source_dataset=scifact;config=claims;split=train
scifact-1263,The repeat-variable diresidue (RVD) in the loop of Transcription-Activator Like (TAL) effectors specifies the nucleotides-amino acid contact at the target promoter element.,SUPPORTED,science,hard,https://huggingface.co/datasets/scifact,source_dataset=scifact;config=claims;split=train
scifact-571,"In breast cancer, the loss of myoepithelial cells slows the transition of ductal carcinoma in situ to invasive carcinoma.",REFUTED,science,medium,https://huggingface.co/datasets/scifact,source_dataset=scifact;config=claims;split=train
scifact-1188,The ability of activator E2Fs in preventing cell death is limited to terminally differentiated cells.,NEI,science,medium,https://huggingface.co/datasets/scifact,source_dataset=scifact;config=claims;split=train
scifact-1065,Satellite cell dysfunction is a key factor in sarcopenia development.,REFUTED,science,easy,https://huggingface.co/datasets/scifact,source_dataset=scifact;config=claims;split=train
scifact-894,"Osteoparthritis (OA) is characterized by degeneration of articular cartilage, joint edge, and subchondral bone hyperplasia.",NEI,science,medium,https://huggingface.co/datasets/scifact,source_dataset=scifact;config=claims;split=train
scifact-901,PCSK9 inhibitors decrease plasma Lp(a) levels.,SUPPORTED,science,easy,https://huggingface.co/datasets/scifact,source_dataset=scifact;config=claims;split=train
scifact-120,Antidepressants reduce the severity of migraines.,SUPPORTED,science,easy,https://huggingface.co/datasets/scifact,source_dataset=scifact;config=claims;split=train
scifact-1403,siRNA knockdown of A20 accelerates tumor progression in an in vivo murine xenograft model.,REFUTED,science,medium,https://huggingface.co/datasets/scifact,source_dataset=scifact;config=claims;split=train
scifact-363,EG7 tumors can be killed by systemic oxaliplatin primed CD8+ T cells from the tumor-draining lymph node cells.,NEI,science,medium,https://huggingface.co/datasets/scifact,source_dataset=scifact;config=claims;split=train
scifact-349,Diminished ovarian reserve is a reliable indicator of infertility in a non-infertile population.,REFUTED,science,medium,https://huggingface.co/datasets/scifact,source_dataset=scifact;config=claims;split=train
scifact-241,Cellular clocks are associated with mitosis timing in NIH 3T3 cells.,SUPPORTED,science,medium,https://huggingface.co/datasets/scifact,source_dataset=scifact;config=claims;split=train
scifact-98,Alirocumab treatment reduces apo(a) fractional clearance rate.,REFUTED,science,easy,https://huggingface.co/datasets/scifact,source_dataset=scifact;config=claims;split=train
scifact-196,C2 works synergistically with A-769662 to activate dephosphorylated AMPK.,SUPPORTED,science,easy,https://huggingface.co/datasets/scifact,source_dataset=scifact;config=claims;split=train
scifact-1119,Sympathetic nerve activity is elevated throughout normal pregnancy.,SUPPORTED,science,easy,https://huggingface.co/datasets/scifact,source_dataset=scifact;config=claims;split=train
scifact-1148,Ten percent (10%) of kidney cancers in the UK are attributable to excess weight.,SUPPORTED,science,medium,https://huggingface.co/datasets/scifact,source_dataset=scifact;config=claims;split=train
scifact-317,Decreased diastolic blood pressure (DBP) is associated with abdominal aortic aneurysm.,REFUTED,science,medium,https://huggingface.co/datasets/scifact,source_dataset=scifact;config=claims;split=train
scifact-1403,siRNA knockdown of A20 accelerates tumor progression in an in vivo murine xenograft model.,REFUTED,science,medium,https://huggingface.co/datasets/scifact,source_dataset=scifact;config=claims;split=train
scifact-844,Neutrophil extracellular trap (NET) antigens may contain the targeted autoantigens PR3 and MPO.,SUPPORTED,science,medium,https://huggingface.co/datasets/scifact,source_dataset=scifact;config=claims;split=train
scifact-933,Pediatric SCD patients with vaso-occlusive crisis show increased morphine use after breathing 80 ppm iNO for 4 hours.,SUPPORTED,science,medium,https://huggingface.co/datasets/scifact,source_dataset=scifact;config=claims;split=train
scifact-979,Progerin induces premature aging in stem cells.,SUPPORTED,science,easy,https://huggingface.co/datasets/scifact,source_dataset=scifact;config=claims;split=train
scifact-603,Increased LDL receptors plays a role in the reduction of plasma Lp(a).,SUPPORTED,science,medium,https://huggingface.co/datasets/scifact,source_dataset=scifact;config=claims;split=train
scifact-1224,The latent infection of myeloid cells with human cytomegalovirus induces a number of changes in gene expression.,SUPPORTED,science,medium,https://huggingface.co/datasets/scifact,source_dataset=scifact;config=claims;split=train
scifact-1391,miR-142-5P is a known regulator of raised body temperature.,SUPPORTED,science,easy,https://huggingface.co/datasets/scifact,source_dataset=scifact;config=claims;split=train
scifact-566,"In S. cerevisiae, the absence of RNA surveillance pathways reduces sensitivity to high iron conditions.",REFUTED,science,medium,https://huggingface.co/datasets/scifact,source_dataset=scifact;config=claims;split=train
scifact-1404,siRNA knockdown of A20 slows tumor progression in an in vivo murine xenograft model.,SUPPORTED,science,medium,https://huggingface.co/datasets/scifact,source_dataset=scifact;config=claims;split=train
scifact-610,Increased flux of microbial products suppresses immune responses.,NEI,science,easy,https://huggingface.co/datasets/scifact,source_dataset=scifact;config=claims;split=train
scifact-333,Depletion of T-helper 17 (Th17) cells during simian immunodeficiency virus (SIV) infection increases dissemination of Salmonella Typhimurium from the gut.,SUPPORTED,science,medium,https://huggingface.co/datasets/scifact,source_dataset=scifact;config=claims;split=train
scifact-1042,Repressing IL-18 has negative effects on atherosclerotic lesion composition and progression.,REFUTED,science,medium,https://huggingface.co/datasets/scifact,source_dataset=scifact;config=claims;split=train
scifact-928,Patients with microcytosis and higher erythrocyte count are more vulnerable to severe malarial anaemia when infected with Plasmodium falciparum.,REFUTED,science,medium,https://huggingface.co/datasets/scifact,source_dataset=scifact;config=claims;split=train
scifact-1127,Systemic lupus erythematosus is a risk factor for cardiovascular disease.,SUPPORTED,science,easy,https://huggingface.co/datasets/scifact,source_dataset=scifact;config=claims;split=train
scifact-483,H.pylori-mediated gastric cancer occurs due to the accumulation of mutations in host epithelial cells.,SUPPORTED,science,medium,https://huggingface.co/datasets/scifact,source_dataset=scifact;config=claims;split=train
scifact-726,Ly6C hi monocytes have a higher inflammatory capacity than Ly6C lo monocytes.,SUPPORTED,science,medium,https://huggingface.co/datasets/scifact,source_dataset=scifact;config=claims;split=train
scifact-1306,Toll-like receptor (TLR) signaling is involved in the pathogenesis of human MDS.,NEI,science,medium,https://huggingface.co/datasets/scifact,source_dataset=scifact;config=claims;split=train
scifact-481,Guanine nucleotide dissociation inhibitor (Rho-GDI) interacts with the p75 NTR death domain,NEI,science,medium,https://huggingface.co/datasets/scifact,source_dataset=scifact;config=claims;split=train
scifact-126,"Approximately 250,000 people are infected with human T-cell lymphotropic virus type 1 in the United Kingdom.",NEI,science,medium,https://huggingface.co/datasets/scifact,source_dataset=scifact;config=claims;split=train
scifact-615,Increased microtubule acetylation worsens interference of axonal transport caused by LRRK2 Roc-COR domain mutations.,REFUTED,science,medium,https://huggingface.co/datasets/scifact,source_dataset=scifact;config=claims;split=train
scifact-939,Persistor cells are one reason for incomplete responses to Tyrosine kinase inhibitor (TKI) therapy in cancer patients.,NEI,science,medium,https://huggingface.co/datasets/scifact,source_dataset=scifact;config=claims;split=train
scifact-732,M. stadtmanae does not induce ASC speck formation in BlaER1 monocytes.,NEI,science,medium,https://huggingface.co/datasets/scifact,source_dataset=scifact;config=claims;split=train
scifact-1402,r-protein chaperones are found in complexes with their r-protein binding partners.,NEI,science,medium,https://huggingface.co/datasets/scifact,source_dataset=scifact;config=claims;split=train
scifact-523,"Higher plasma levels of I-carnitine, when associated with trimethylamine N-oxide, are negatively correlated with cardiovascular events in humans.",REFUTED,science,medium,https://huggingface.co/datasets/scifact,source_dataset=scifact;config=claims;split=train
scifact-108,Amitriptyline is an effective treatment for chronic tension-type headaches.,SUPPORTED,science,easy,https://huggingface.co/datasets/scifact,source_dataset=scifact;config=claims;split=train
scifact-748,MafA ubiquitination increases the recruitment of coavtivator P/CAF by MafA.,SUPPORTED,science,easy,https://huggingface.co/datasets/scifact,source_dataset=scifact;config=claims;split=train
scifact-495,Having a main partner improves HIV outcomes.,SUPPORTED,science,easy,https://huggingface.co/datasets/scifact,source_dataset=scifact;config=claims;split=train
scifact-1275,The tip of the inner tube of the toxic type VI secretion system (T6SS) antibacterial effector in Escherichia coli (E. coli) is decorated with VgrG and PAAR proteins.,NEI,science,hard,https://huggingface.co/datasets/scifact,source_dataset=scifact;config=claims;split=train
scifact-620,Increased vessel density along with a reduction in fibrosis improves the efficacy of chemotherapy treatments.,NEI,science,medium,https://huggingface.co/datasets/scifact,source_dataset=scifact;config=claims;split=train
scifact-890,Origin gross domestic product(GDP) is negatively related to dengue virus (DENV-1) diffusion in air traffic shipments.,NEI,science,medium,https://huggingface.co/datasets/scifact,source_dataset=scifact;config=claims;split=train
scifact-1045,Rhythmic expression of Cry1 translates directly into a circadian regulation of cAMP signaling in hepatic glucose metabolism.,SUPPORTED,science,medium,https://huggingface.co/datasets/scifact,source_dataset=scifact;config=claims;split=train
scifact-368,Early patent ductus ateriosus (PDA) screening increases in-hospital mortality.,REFUTED,science,easy,https://huggingface.co/datasets/scifact,source_dataset=scifact;config=claims;split=train
scifact-1404,siRNA knockdown of A20 slows tumor progression in an in vivo murine xenograft model.,SUPPORTED,science,medium,https://huggingface.co/datasets/scifact,source_dataset=scifact;config=claims;split=train
scifact-1211,The density of cytokine receptor bearing cells has no effect on the distance over which cytokines act.,REFUTED,science,medium,https://huggingface.co/datasets/scifact,source_dataset=scifact;config=claims;split=train
scifact-378,Energy balance requires hypothalamic glutamate neurotransmission.,SUPPORTED,science,easy,https://huggingface.co/datasets/scifact,source_dataset=scifact;config=claims;split=train
scifact-152,B cells go though plasmablast differentiation and antibody production by continuous expression of EBI2.,SUPPORTED,science,medium,https://huggingface.co/datasets/scifact,source_dataset=scifact;config=claims;split=train
scifact-614,Increased microtubule acetylation repairs interference of axonal transport caused by LRRK2 Roc-COR domain mutations.,SUPPORTED,science,medium,https://huggingface.co/datasets/scifact,source_dataset=scifact;config=claims;split=train
scifact-474,Glycan adaptation is rarely observed in the B-cell repertoire.,NEI,science,easy,https://huggingface.co/datasets/scifact,source_dataset=scifact;config=claims;split=train
scifact-816,Mutations in RIM1 raise levels of IME1 RNA.,REFUTED,science,easy,https://huggingface.co/datasets/scifact,source_dataset=scifact;config=claims;split=train
scifact-860,Normal granulomas form in the absence of TNF in Zebrafish.,SUPPORTED,science,easy,https://huggingface.co/datasets/scifact,source_dataset=scifact;config=claims;split=train
scifact-368,Early patent ductus ateriosus (PDA) screening increases in-hospital mortality.,REFUTED,science,easy,https://huggingface.co/datasets/scifact,source_dataset=scifact;config=claims;split=train
scifact-855,Noninvasive positive pressure ventilation is not predictive of acute respiratory failure after solid organ transplantation.,REFUTED,science,medium,https://huggingface.co/datasets/scifact,source_dataset=scifact;config=claims;split=train
scifact-1030,Reducing H3k4me3 methylation induces mouse epiblast stem cells to naive pluripotency efficiently.,SUPPORTED,science,medium,https://huggingface.co/datasets/scifact,source_dataset=scifact;config=claims;split=train
scifact-1378,Women are more susceptible to death due to pneumonia when compared to men.,SUPPORTED,science,medium,https://huggingface.co/datasets/scifact,source_dataset=scifact;config=claims;split=train
